"Recipe Name","Ingredients"
"Healthified Broccoli Cheddar Soup","1 bunch broccoli"
"Healthified Broccoli Cheddar Soup","1 small onion, finely chopped"
"Healthified Broccoli Cheddar Soup","1 medium red-skinned potato, diced"
"Healthified Broccoli Cheddar Soup","1/4 cup all-purpose flour"
"Healthified Broccoli Cheddar Soup","3 cups low-sodium chicken or vegetable broth"
"Healthified Broccoli Cheddar Soup","Kosher salt and freshly ground black pepper"
"Healthified Broccoli Cheddar Soup","1/4 teaspoon freshly grated nutmeg"
"Healthified Broccoli Cheddar Soup","1 cup grated extra-sharp Cheddar"
"Healthified Broccoli Cheddar Soup","1 teaspoon Worcestershire sauce"
"Healthified Broccoli Cheddar Soup","One 12-ounce can fat-free evaporated milk"
"Healthified Broccoli Cheddar Soup","2 scallions, thinly sliced"
"Hash Brown Casserole","Nonstick cooking spray, for coating baking dish"
"Hash Brown Casserole","12 ounces 2-percent Greek yogurt"
"Hash Brown Casserole","1 cup lowfat (1-percent) milk"
"Hash Brown Casserole","1/2 cup reduced-fat sour cream"
"Hash Brown Casserole","3 tablespoons unbleached all-purpose flour"
"Hash Brown Casserole","2 pounds frozen shredded hash browns, thawed"
"Hash Brown Casserole","1 cup shredded extra-sharp Cheddar (4 ounces)"
"Hash Brown Casserole","Kosher salt and freshly ground black pepper"
"Hash Brown Casserole","2 tablespoons unsalted butter"
"Hash Brown Casserole","2 large yellow onions, chopped"
"Hash Brown Casserole","1 pound sliced cremini (baby bella) mushrooms"
"Hash Brown Casserole","3 large cloves garlic, minced"
"Hash Brown Casserole","2 tablespoons panko breadcrumbs"
"Hash Brown Casserole","1/4 teaspoon ground nutmeg, optional"
"Hash Brown Casserole","1 to 2 tablespoons chopped fresh parsley or chives, for garnish"
"Pork Tenderloin with Seasoned Rub","1 teaspoon garlic powder"
"Pork Tenderloin with Seasoned Rub","1 teaspoon dried oregano"
"Pork Tenderloin with Seasoned Rub","1 teaspoon ground cumin"
"Pork Tenderloin with Seasoned Rub","1 teaspoon ground coriander"
"Pork Tenderloin with Seasoned Rub","1 teaspoon dried thyme"
"Pork Tenderloin with Seasoned Rub","Salt"
"Pork Tenderloin with Seasoned Rub","1 1/4 pounds pork tenderloin"
"Pork Tenderloin with Seasoned Rub","1 tablespoon olive oil"
"Pork Tenderloin with Seasoned Rub","1 teaspoon minced garlic"
"Chicken and Broccoli Stir-Fry","1 pound chicken breast (about 2 breasts), cubed"
"Chicken and Broccoli Stir-Fry","3 scallions, whites only, thinly sliced on a bias"
"Chicken and Broccoli Stir-Fry","2 tablespoons sugar"
"Chicken and Broccoli Stir-Fry","1 tablespoon dark sesame oil"
"Chicken and Broccoli Stir-Fry","1 tablespoon dry sherry"
"Chicken and Broccoli Stir-Fry","1 tablespoon soy sauce"
"Chicken and Broccoli Stir-Fry","2 cloves garlic, minced"
"Chicken and Broccoli Stir-Fry","1-inch piece peeled fresh ginger, minced"
"Chicken and Broccoli Stir-Fry","1 tablespoon, plus 1 teaspoon cornstarch"
"Chicken and Broccoli Stir-Fry","Kosher salt and freshly ground black pepper"
"Chicken and Broccoli Stir-Fry","About 1/3 cup water"
"Chicken and Broccoli Stir-Fry","3 tablespoons vegetable oil"
"Chicken and Broccoli Stir-Fry","5 to 6 cups broccoli florets and sliced stalks (keep the 2 cuts separate)"
"Chicken and Broccoli Stir-Fry","3/4 to 1 teaspoon red chili flakes, optional"
"Chicken and Broccoli Stir-Fry","1 tablespoon hoisin sauce"
"Chicken and Broccoli Stir-Fry","Ttoasted sesame seeds, for serving, optional"
"Chicken and Broccoli Stir-Fry","Jasmine rice, for serving, optional"
"Roman-Style Chicken","4 skinless chicken breast halves, with ribs"
"Roman-Style Chicken","2 skinless chicken thighs, with bones"
"Roman-Style Chicken","1/2 teaspoon salt, plus 1 teaspoon"
"Roman-Style Chicken","1/2 teaspoon freshly ground black pepper, plus 1 teaspoon"
"Roman-Style Chicken","1/4 cup olive oil"
"Roman-Style Chicken","1 red bell pepper, sliced"
"Roman-Style Chicken","1 yellow bell pepper, sliced"
"Roman-Style Chicken","3 ounces prosciutto, chopped"
"Roman-Style Chicken","2 cloves garlic, chopped"
"Roman-Style Chicken","1 (15-ounce) can diced tomatoes"
"Roman-Style Chicken","1/2 cup white wine"
"Roman-Style Chicken","1 tablespoon fresh thyme leaves"
"Roman-Style Chicken","1 teaspoon fresh oregano leaves"
"Roman-Style Chicken","1/2 cup chicken stock"
"Roman-Style Chicken","2 tablespoons capers"
"Roman-Style Chicken","1/4 cup chopped fresh flat-leaf parsley leaves"
"Guacamole","3 Haas avocados, halved, seeded and peeled"
"Guacamole","1 lime, juiced"
"Guacamole","1/2 teaspoon kosher salt"
"Guacamole","1/2 teaspoon ground cumin"
"Guacamole","1/2 teaspoon cayenne"
"Guacamole","1/2 medium onion, diced"
"Guacamole","1/2 jalapeno pepper, seeded and minced"
"Guacamole","2 Roma tomatoes, seeded and diced"
"Guacamole","1 tablespoon chopped cilantro"
"Guacamole","1 clove garlic, minced"
"Roasted Brussels Sprouts","1 1/2 pounds Brussels sprouts"
"Roasted Brussels Sprouts","3 tablespoons good olive oil"
"Roasted Brussels Sprouts","3/4 teaspoon kosher salt"
"Roasted Brussels Sprouts","1/2 teaspoon freshly ground black pepper"
"Oven-Baked Salmon","12 ounce salmon fillet, cut into 4 pieces"
"Oven-Baked Salmon","Coarse-grained salt"
"Oven-Baked Salmon","Freshly ground black pepper"
"Oven-Baked Salmon","Toasted Almond Parsley Salsa, for serving"
"Oven-Baked Salmon","Baked squash, for serving, optional"
"Oven-Baked Salmon","1 shallot"
"Oven-Baked Salmon","1 tablespoons red wine vinegar"
"Oven-Baked Salmon","Coarse grain salt"
"Oven-Baked Salmon","2 tablespoons capers, rinsed"
"Oven-Baked Salmon","1 cup fresh flat-leaf parsley"
"Oven-Baked Salmon","1/2 cup toasted almonds"
"Oven-Baked Salmon","Extra-virgin olive oil"
"Chicken Saltimbocca","6 (3-ounce) chicken cutlets, pounded to evenly flatten"
"Chicken Saltimbocca","Salt and freshly ground black pepper"
"Chicken Saltimbocca","6 paper-thin slices prosciutto"
"Chicken Saltimbocca","1 (10-ounce) box frozen chopped spinach, thawed"
"Chicken Saltimbocca","3 tablespoons olive oil"
"Chicken Saltimbocca","1/4 cup grated Parmesan"
"Chicken Saltimbocca","1 (14-ounce) can low-salt chicken broth"
"Chicken Saltimbocca","2 tablespoons fresh lemon juice"
"Lentil Soup","2 tablespoons olive oil"
"Lentil Soup","1 cup finely chopped onion"
"Lentil Soup","1/2 cup finely chopped carrot"
"Lentil Soup","1/2 cup finely chopped celery"
"Lentil Soup","2 teaspoons kosher salt"
"Lentil Soup","1 pound lentils, picked and rinsed"
"Lentil Soup","1 cup peeled and chopped tomatoes"
"Lentil Soup","2 quarts chicken or vegetable broth"
"Lentil Soup","1/2 teaspoon freshly ground coriander"
"Lentil Soup","1/2 teaspoon freshly ground toasted cumin"
"Lentil Soup","1/2 teaspoon freshly ground grains of paradise"
"Chicken Scampi Pasta","Kosher salt"
"Chicken Scampi Pasta","1 pound thinly-sliced chicken cutlets, cut into 1/2-inch-thick strips"
"Chicken Scampi Pasta","3 tablespoons olive oil"
"Chicken Scampi Pasta","8 tablespoons unsalted butter, cubed"
"Chicken Scampi Pasta","6 cloves garlic, sliced"
"Chicken Scampi Pasta","1/2 teaspoon crushed red pepper flakes"
"Chicken Scampi Pasta","1/2 cup dry white wine"
"Chicken Scampi Pasta","12 ounces angel hair pasta"
"Chicken Scampi Pasta","1 teaspoon lemon zest plus the juice of 1 large lemon"
"Chicken Scampi Pasta","1/2 cup freshly grated Parmesan"
"Chicken Scampi Pasta","1/2 cup chopped fresh Italian parsley"
"Pasta with Escarole, White Beans and Chicken Sausage","3/4 pound whole-wheat bowtie (or other shape) pasta"
"Pasta with Escarole, White Beans and Chicken Sausage","1 tablespoon olive oil"
"Pasta with Escarole, White Beans and Chicken Sausage","1/2 medium onion, chopped, about 1 cup"
"Pasta with Escarole, White Beans and Chicken Sausage","3 cloves garlic, minced"
"Pasta with Escarole, White Beans and Chicken Sausage","6 ounces lowfat Italian-style chicken sausage, casings removed, crumbled"
"Pasta with Escarole, White Beans and Chicken Sausage","1 medium head escarole, rinsed, drained and chopped, about 8 cups"
"Pasta with Escarole, White Beans and Chicken Sausage","1 (14-ounce) can low-sodium cannellini beans, drained and rinsed"
"Pasta with Escarole, White Beans and Chicken Sausage","1 1/2 cups low-sodium chicken broth"
"Pasta with Escarole, White Beans and Chicken Sausage","1/2 teaspoon red pepper flakes"
"Pasta with Escarole, White Beans and Chicken Sausage","1 tablespoon chopped fresh sage leaves"
"Pasta with Escarole, White Beans and Chicken Sausage","Salt"
"Pasta with Escarole, White Beans and Chicken Sausage","Freshly ground black pepper"
"Pasta with Escarole, White Beans and Chicken Sausage","1 ounce grated Parmesan"
"Chicken Sausage, Pepper and Onion Pasta Fake-Bake","1 pound rigatoni"
"Chicken Sausage, Pepper and Onion Pasta Fake-Bake","Salt"
"Chicken Sausage, Pepper and Onion Pasta Fake-Bake","1 pound cooked chicken sausages"
"Chicken Sausage, Pepper and Onion Pasta Fake-Bake","3 tablespoons extra-virgin olive oil, divided"
"Chicken Sausage, Pepper and Onion Pasta Fake-Bake","1 green or red bell pepper, seeded and sliced"
"Chicken Sausage, Pepper and Onion Pasta Fake-Bake","1 cubanelle pepper, seeded and sliced"
"Chicken Sausage, Pepper and Onion Pasta Fake-Bake","1 large onion, thinly sliced"
"Chicken Sausage, Pepper and Onion Pasta Fake-Bake","3 to 4 cloves garlic, chopped"
"Chicken Sausage, Pepper and Onion Pasta Fake-Bake","Ground black pepper"
"Chicken Sausage, Pepper and Onion Pasta Fake-Bake","1/2 cup dry white wine or chicken stock, a couple of glugs"
"Chicken Sausage, Pepper and Onion Pasta Fake-Bake","1 (28 ounce) can crushed tomatoes, (recommended: San Marzano)"
"Chicken Sausage, Pepper and Onion Pasta Fake-Bake","Handful chopped flat-leaf parsley"
"Chicken Sausage, Pepper and Onion Pasta Fake-Bake","1/2 cup fresh basil, 10 leaves, torn or shredded"
"Chicken Sausage, Pepper and Onion Pasta Fake-Bake","1 cup ricotta cheese"
"Chicken Sausage, Pepper and Onion Pasta Fake-Bake","1 cup freshly grated Parmigiano-Reggiano, plus some to pass at table"
"Jambalaya Pasta with Penne, Chicken, Shrimp and Andouille","Salt for pasta cooking water plus 3/4 teaspoon, divided"
"Jambalaya Pasta with Penne, Chicken, Shrimp and Andouille","1 pound dry penne rigate"
"Jambalaya Pasta with Penne, Chicken, Shrimp and Andouille","3 tablespoons olive oil, divided"
"Jambalaya Pasta with Penne, Chicken, Shrimp and Andouille","1 pound peeled, deveined large shrimp"
"Jambalaya Pasta with Penne, Chicken, Shrimp and Andouille","2 tablespoons plus 1 teaspoon Essence, divided, recipe follows"
"Jambalaya Pasta with Penne, Chicken, Shrimp and Andouille","3/4 pound boneless, skinless chicken breast, 1-inch diced"
"Jambalaya Pasta with Penne, Chicken, Shrimp and Andouille","3/4 pound andouille sausage, diced into 1/2-inch pieces"
"Jambalaya Pasta with Penne, Chicken, Shrimp and Andouille","1 tablespoon freshly chopped thyme leaves"
"Jambalaya Pasta with Penne, Chicken, Shrimp and Andouille","1/2 cup heavy cream"
"Jambalaya Pasta with Penne, Chicken, Shrimp and Andouille","1/2 cup yellow onion, small diced"
"Jambalaya Pasta with Penne, Chicken, Shrimp and Andouille","1/2 cup green bell pepper, small diced"
"Jambalaya Pasta with Penne, Chicken, Shrimp and Andouille","1 tablespoon minced garlic"
"Jambalaya Pasta with Penne, Chicken, Shrimp and Andouille","1/2 cup chicken stock"
"Jambalaya Pasta with Penne, Chicken, Shrimp and Andouille","1 (14.5-ounce) can diced tomatoes"
"Jambalaya Pasta with Penne, Chicken, Shrimp and Andouille","2 tablespoons freshly chopped basil leaves"
"Jambalaya Pasta with Penne, Chicken, Shrimp and Andouille","1/2 cup grated Parmesan"
"Jambalaya Pasta with Penne, Chicken, Shrimp and Andouille","2 1/2 tablespoons paprika"
"Jambalaya Pasta with Penne, Chicken, Shrimp and Andouille","2 tablespoons salt"
"Jambalaya Pasta with Penne, Chicken, Shrimp and Andouille","2 tablespoons garlic powder"
"Jambalaya Pasta with Penne, Chicken, Shrimp and Andouille","1 tablespoon black pepper"
"Jambalaya Pasta with Penne, Chicken, Shrimp and Andouille","1 tablespoon onion powder"
"Jambalaya Pasta with Penne, Chicken, Shrimp and Andouille","1 tablespoon cayenne pepper"
"Jambalaya Pasta with Penne, Chicken, Shrimp and Andouille","1 tablespoon dried oregano"
"Jambalaya Pasta with Penne, Chicken, Shrimp and Andouille","1 tablespoon dried thyme"
"Herbed Chicken Marsala","Four 4-ounce boneless, skinless chicken breast cutlets"
"Herbed Chicken Marsala","Kosher salt and freshly ground black pepper"
"Herbed Chicken Marsala","1/3 cup whole wheat flour"
"Herbed Chicken Marsala","1 1/2 tablespoons extra-virgin olive oil"
"Herbed Chicken Marsala","3/4 cup low-sodium chicken broth"
"Herbed Chicken Marsala","1/3 cup sun-dried tomatoes (not packed in oil; not rehydrated), finely chopped or very thinly sliced"
"Herbed Chicken Marsala","1/2 teaspoon finely chopped fresh rosemary"
"Herbed Chicken Marsala","10 ounces white button or cremini (baby bella) mushrooms, sliced"
"Herbed Chicken Marsala","1/3 cup sweet marsala wine"
"Herbed Chicken Marsala","2 teaspoons unsalted butter"
"Herbed Chicken Marsala","1 to 2 tablespoons roughly chopped fresh flat-leaf parsley"
"Lemony Yogurt Pound Cake","Nonstick baking spray, for coating loaf pan"
"Lemony Yogurt Pound Cake","1 1/2 cups white whole wheat flour"
"Lemony Yogurt Pound Cake","2 teaspoons baking powder"
"Lemony Yogurt Pound Cake","1/4 teaspoon fine salt"
"Lemony Yogurt Pound Cake","3/4 cup sugar"
"Lemony Yogurt Pound Cake","Finely grated zest of 1 lemon"
"Lemony Yogurt Pound Cake","1/2 cup plain lowfat (2-percent) Greek yogurt"
"Lemony Yogurt Pound Cake","1/4 cup lowfat (1-percent) milk"
"Lemony Yogurt Pound Cake","1/4 cup extra-virgin olive oil"
"Lemony Yogurt Pound Cake","1/2 teaspoon pure vanilla extract"
"Lemony Yogurt Pound Cake","2 large egg whites"
"Lemony Yogurt Pound Cake","1 large egg"
"Sloppy Joes","1 pound extra-lean ground beef"
"Sloppy Joes","1 onion, diced"
"Sloppy Joes","4 cloves garlic, minced"
"Sloppy Joes","1 jalapeno, minced"
"Sloppy Joes","1 red pepper, diced"
"Sloppy Joes","1 can small red beans or pinto beans, preferably low sodium drained and rinsed"
"Sloppy Joes","1 1/2 cups no-salt-added tomato sauce"
"Sloppy Joes","2 tablespoons tomato paste"
"Sloppy Joes","1 tablespoon red wine vinegar"
"Sloppy Joes","1 tablespoon molasses"
"Sloppy Joes","1 tablespoon Worcestershire sauce"
"Sloppy Joes","1 teaspoon mustard powder"
"Sloppy Joes","3/4 teaspoon salt"
"Sloppy Joes","Freshly ground black pepper"
"Sloppy Joes","8 whole-wheat burger buns"
"Pan-Seared Salmon with Kale and Apple Salad","Four 5-ounce center-cut salmon fillets (about 1-inch thick)"
"Pan-Seared Salmon with Kale and Apple Salad","3 tablespoons fresh lemon juice"
"Pan-Seared Salmon with Kale and Apple Salad","3 tablespoons olive oil"
"Pan-Seared Salmon with Kale and Apple Salad","Kosher salt"
"Pan-Seared Salmon with Kale and Apple Salad","1 bunch kale, ribs removed, leaves very thinly sliced (about 6 cups)"
"Pan-Seared Salmon with Kale and Apple Salad","1/4 cup dates"
"Pan-Seared Salmon with Kale and Apple Salad","1 Honeycrisp apple"
"Pan-Seared Salmon with Kale and Apple Salad","1/4 cup finely grated pecorino"
"Pan-Seared Salmon with Kale and Apple Salad","3 tablespoons toasted slivered almonds"
"Pan-Seared Salmon with Kale and Apple Salad","Freshly ground black pepper"
"Pan-Seared Salmon with Kale and Apple Salad","4 whole wheat dinner rolls"
"Breakfast Casserole","8 ounces spicy or sweet turkey sausage links, casings removed, meat crumbled"
"Breakfast Casserole","2 scallions, sliced"
"Breakfast Casserole","6 large eggs and 6 large egg whites"
"Breakfast Casserole","1 3/4 cups 1-percent milk"
"Breakfast Casserole","Kosher salt and freshly ground black pepper"
"Breakfast Casserole","One 9-ounce package frozen chopped spinach, thawed and drained of excess liquid"
"Breakfast Casserole","3/4 cup shredded Cheddar"
"Breakfast Casserole","1/2 cup grated Parmesan"
"Breakfast Casserole","1/2 whole wheat baguette, cut into 3/4-inch cubes (about 4 cups)"
"Breakfast Casserole","Cooking spray"
"Whole30 Bacon and Egg Cups","12 strips sugar-free bacon (about 10 ounces)"
"Whole30 Bacon and Egg Cups","2 red potatoes, sliced 1/8 inch thick, rounded ends discarded"
"Whole30 Bacon and Egg Cups","1 small red bell pepper, finely chopped"
"Whole30 Bacon and Egg Cups","12 large eggs"
"Whole30 Bacon and Egg Cups","2 tablespoons chopped fresh chives"
"Whole30 Bacon and Egg Cups","Hot sauce, for serving"
"Slow-Cooker Pork Tacos","3 whole ancho chiles"
"Slow-Cooker Pork Tacos","3 whole pasilla chiles"
"Slow-Cooker Pork Tacos","4 cloves garlic, unpeeled"
"Slow-Cooker Pork Tacos","2 to 3 chipotles in adobo sauce"
"Slow-Cooker Pork Tacos","1/2 medium white onion, roughly chopped"
"Slow-Cooker Pork Tacos","3 tablespoons extra-virgin olive oil"
"Slow-Cooker Pork Tacos","2 tablespoons honey"
"Slow-Cooker Pork Tacos","1 tablespoon cider vinegar"
"Slow-Cooker Pork Tacos","Kosher salt"
"Slow-Cooker Pork Tacos","2 teaspoons dried oregano, preferably Mexican"
"Slow-Cooker Pork Tacos","3 3/4 cups low-sodium chicken broth"
"Slow-Cooker Pork Tacos","4 pounds boneless pork shoulder (untrimmed), cut into chunks"
"Slow-Cooker Pork Tacos","Freshly ground pepper"
"Slow-Cooker Pork Tacos","2 bay leaves"
"Slow-Cooker Pork Tacos","1 cinnamon stick"
"Slow-Cooker Pork Tacos","Corn tortillas, warmed, for serving"
"Slow-Cooker Pork Tacos","Assorted taco toppings, for garnish"
"Angel Food Cake","1 3/4 cups sugar"
"Angel Food Cake","1/4 teaspoon salt"
"Angel Food Cake","1 cup cake flour, sifted"
"Angel Food Cake","12 egg whites (the closer to room temperature the better)"
"Angel Food Cake","1/3 cup warm water"
"Angel Food Cake","1 teaspoon orange extract, or extract of your choice"
"Angel Food Cake","1 1/2 teaspoons cream of tartar"
"Blueberry Compote","2 cups frozen blueberries"
"Blueberry Compote","3 tablespoons water"
"Blueberry Compote","1/4 cup sugar"
"Blueberry Compote","2 teaspoons lemon juice"
"Roasted Cauliflower and Broccoli","1 small head cauliflower (2 pounds), cut into florets"
"Roasted Cauliflower and Broccoli","2 large stalks broccoli (1 pound), cut into florets"
"Roasted Cauliflower and Broccoli","1 head garlic, broken into cloves"
"Roasted Cauliflower and Broccoli","2 tablespoons olive oil"
"Roasted Cauliflower and Broccoli","1/2 teaspoon salt"
"Buffalo Cauliflower with Blue Cheese Sauce","1/3 cup nonfat sour cream"
"Buffalo Cauliflower with Blue Cheese Sauce","2 tablespoons crumbled blue cheese"
"Buffalo Cauliflower with Blue Cheese Sauce","1 tablespoon skim milk"
"Buffalo Cauliflower with Blue Cheese Sauce","2 teaspoons mayonnaise"
"Buffalo Cauliflower with Blue Cheese Sauce","Kosher salt and freshly ground black pepper"
"Buffalo Cauliflower with Blue Cheese Sauce","2 tablespoons unsalted butter"
"Buffalo Cauliflower with Blue Cheese Sauce","1/4 cup hot sauce, such as Frank's"
"Buffalo Cauliflower with Blue Cheese Sauce","1 tablespoon freshly squeezed lemon juice"
"Buffalo Cauliflower with Blue Cheese Sauce","2 tablespoons olive oil"
"Buffalo Cauliflower with Blue Cheese Sauce","Kosher salt"
"Buffalo Cauliflower with Blue Cheese Sauce","8 cups cauliflower florets (from about 1 medium head)"
"Roasted Brussels Sprouts with Grapes","2 pounds Brussels sprouts, trimmed and halved if large"
"Roasted Brussels Sprouts with Grapes","3 tablespoons extra-virgin olive oil"
"Roasted Brussels Sprouts with Grapes","Kosher salt and freshly ground pepper"
"Roasted Brussels Sprouts with Grapes","3 tablespoons unsalted butter"
"Roasted Brussels Sprouts with Grapes","2 cups red seedless grapes"
"Roasted Brussels Sprouts with Grapes","2 teaspoons chopped fresh thyme"
"Roasted Brussels Sprouts with Grapes","1 bunch scallions, cut into 1-inch pieces"
"Roasted Brussels Sprouts with Grapes","2 tablespoons honey"
"Roasted Brussels Sprouts with Grapes","1/4 cup chopped skinned hazelnuts"
"Brussels Sprouts-in-a-Blanket","32 small Brussels sprouts, ends trimmed, or 16 large Brussels sprouts, halved"
"Brussels Sprouts-in-a-Blanket","2 tablespoons olive oil"
"Brussels Sprouts-in-a-Blanket","Kosher salt and freshly ground black pepper"
"Brussels Sprouts-in-a-Blanket","1/2 cup grated Parmesan"
"Brussels Sprouts-in-a-Blanket","1 sheet frozen puff pastry from a 17.3-ounce box, thawed"
"Brussels Sprouts-in-a-Blanket","4 tablespoons (1/2 stick) unsalted butter, at room temperature"
"Brussels Sprouts-in-a-Blanket","4 ounces thinly sliced prosciutto"
"Roasted Brussels Sprouts","1 1/2 pounds Brussels sprouts"
"Roasted Brussels Sprouts","3 tablespoons good olive oil"
"Roasted Brussels Sprouts","3/4 teaspoon kosher salt"
"Roasted Brussels Sprouts","1/2 teaspoon freshly ground black pepper"
"Roasted Brussels Sprouts and Kale","1 1/2 pounds Brussels sprouts, trimmed"
"Roasted Brussels Sprouts and Kale","1/4 cup olive oil"
"Roasted Brussels Sprouts and Kale","Kosher salt and freshly ground black pepper"
"Roasted Brussels Sprouts and Kale","1/2 cup grated Parmesan, plus a chunk of Parmesan, for shaving"
"Roasted Brussels Sprouts and Kale","1 bunch curly kale, torn into large pieces"
"Roasted Brussels Sprouts and Kale","Zest of 1 lemon"
"Roasted Brussels Sprouts and Kale","1/2 cup pecan halves, toasted and chopped"
"Beautiful Brussels Sprouts","1 large butternut squash"
"Beautiful Brussels Sprouts","2 1/2 pounds Brussels sprouts"
"Beautiful Brussels Sprouts","4 red onions, cut into chunks"
"Beautiful Brussels Sprouts","1/2 cup olive oil"
"Beautiful Brussels Sprouts","1 tablespoon chili powder"
"Beautiful Brussels Sprouts","Pinch kosher salt"
"Beautiful Brussels Sprouts","Pinch freshly ground black pepper"
"Beautiful Brussels Sprouts","1/4 cup pomegranate molasses"
"Beautiful Brussels Sprouts","1 cup pomegranate seeds"
"Air Fryer Brussels Sprouts","1 pound small Brussels sprouts"
"Air Fryer Brussels Sprouts","1 tablespoon olive oil"
"Air Fryer Brussels Sprouts","Kosher salt"
"Air Fryer Brussels Sprouts","2 tablespoons grated Parmesan"
"Air Fryer Brussels Sprouts","Zest of 1/2 lemon"
"Shaved Brussels Sprouts with Pancetta","Good olive oil"
"Shaved Brussels Sprouts with Pancetta","3 ounces pancetta, 1/4-inch diced"
"Shaved Brussels Sprouts with Pancetta","2 tablespoons unsalted butter"
"Shaved Brussels Sprouts with Pancetta","1 1/2 cups thinly sliced shallots (3 large)"
"Shaved Brussels Sprouts with Pancetta","2 (12-ounce) packages fresh Brussels sprouts, trimmed"
"Shaved Brussels Sprouts with Pancetta","Kosher salt and freshly ground black pepper"
"Shaved Brussels Sprouts with Pancetta","1 tablespoon syrupy balsamic vinegar"
"Balsamic-Roasted Brussels Sprouts","1 1/2 pounds Brussels sprouts, trimmed and cut in half through the core"
"Balsamic-Roasted Brussels Sprouts","4 ounces pancetta, 1/4-inch-diced"
"Balsamic-Roasted Brussels Sprouts","1/4 cup good olive oil"
"Balsamic-Roasted Brussels Sprouts","Kosher salt and freshly ground black pepper"
"Balsamic-Roasted Brussels Sprouts","1 tablespoon syrupy balsamic vinegar"
"Charred Brussels Sprout Crostini","1/4 cup sugar"
"Charred Brussels Sprout Crostini","1/4 cup Champagne vinegar"
"Charred Brussels Sprout Crostini","1/3 cup dried cranberries"
"Charred Brussels Sprout Crostini","1 pound Brussels sprouts, sliced into thin rounds"
"Charred Brussels Sprout Crostini","1/4 cup extra-virgin olive oil"
"Charred Brussels Sprout Crostini","1 teaspoon salt"
"Charred Brussels Sprout Crostini","1/2 teaspoon red pepper flakes"
"Charred Brussels Sprout Crostini","1 1/4 cups ricotta"
"Charred Brussels Sprout Crostini","1/3 cup pine nuts, toasted"
"Charred Brussels Sprout Crostini","24 crostini (see Cook's Note)"
"Slow Cooked Brussels Sprouts","2 tablespoons vegetable oil"
"Slow Cooked Brussels Sprouts","1 pound Brussels sprouts, trimmed"
"Slow Cooked Brussels Sprouts","Salt"
"Slow Cooked Brussels Sprouts","3 tablespoons butter"
"Slow Cooked Brussels Sprouts","3 tablespoons finely chopped shallots"
"Slow Cooked Brussels Sprouts","3/4 cup chicken broth"
"Bacon-Wrapped Brussels Sprouts with Creamy Lemon Dip","18 medium Brussels sprouts (about 1 1/2 pounds)"
"Bacon-Wrapped Brussels Sprouts with Creamy Lemon Dip","Kosher salt and freshly ground black pepper"
"Bacon-Wrapped Brussels Sprouts with Creamy Lemon Dip","One 12-ounce package center-cut bacon (about 18 strips)"
"Bacon-Wrapped Brussels Sprouts with Creamy Lemon Dip","1/4 cup pure maple syrup, plus 1/2 cup more for serving"
"Bacon-Wrapped Brussels Sprouts with Creamy Lemon Dip","1/2 cup mayonnaise"
"Bacon-Wrapped Brussels Sprouts with Creamy Lemon Dip","Zest of 1/2 lemon, plus 2 teaspoons juice"
"Bacon-Wrapped Brussels Sprouts with Creamy Lemon Dip","Crushed red pepper flakes"
"Grilled Brussels Sprouts","2 pounds Brussels sprouts, halved"
"Grilled Brussels Sprouts","2 tablespoons unsalted butter, melted"
"Grilled Brussels Sprouts","2 tablespoons olive oil"
"Grilled Brussels Sprouts","Kosher salt and freshly ground black pepper"
"Grilled Brussels Sprouts","8 slices bacon"
"Grilled Brussels Sprouts","Zest of 1 lemon"
"Grilled Brussels Sprouts","Crushed red pepper flakes, optional"
"Grilled Brussels Sprouts","2 tablespoons grated Parmesan, optional"
"Basic Brussels Sprouts","1 pound Brussels sprouts, rinsed"
"Basic Brussels Sprouts","1/2 cup water"
"Basic Brussels Sprouts","1/4 teaspoon kosher salt"
"Sauteed Shredded Brussels Sprouts","2 (12-ounce) packages Brussels sprouts, ends and brown leaves trimmed"
"Sauteed Shredded Brussels Sprouts","2 tablespoons unsalted butter"
"Sauteed Shredded Brussels Sprouts","2 tablespoons good olive oil"
"Sauteed Shredded Brussels Sprouts","Kosher salt and freshly ground black pepper"
"Sauteed Shredded Brussels Sprouts","1 tablespoon syrupy balsamic vinegar"
"Instant Pot Butternut Squash Soup","5 ounces pancetta, cut into 1/2-inch pieces"
"Instant Pot Butternut Squash Soup","4 large sage leaves, minced"
"Instant Pot Butternut Squash Soup","2 medium carrots, cut into 1-inch pieces"
"Instant Pot Butternut Squash Soup","1 stalk celery, cut into 1-inch pieces"
"Instant Pot Butternut Squash Soup","1/2 medium onion, cut into 1-inch pieces"
"Instant Pot Butternut Squash Soup","1/2 teaspoon ground cumin"
"Instant Pot Butternut Squash Soup","Kosher salt and freshly ground black pepper"
"Instant Pot Butternut Squash Soup","7 cups butternut squash cut into 1-inch pieces (from a 2-pound squash)"
"Instant Pot Butternut Squash Soup","3 cups chicken stock"
"Instant Pot Butternut Squash Soup","1 cup cream, optional"
"Instant Pot Butternut Squash Soup","8 ounces small white button mushrooms, stems trimmed and cut into 1/8-inch slices"
"Instant Pot Butternut Squash Soup","Pinch ground cumin"
"Instant Pot Butternut Squash Soup","Kosher salt"
"Instant Pot Butternut Squash Soup","Creme fraiche or full-fat Greek yogurt, thinned to a pourable consistency with 1 to 2 tablespoons water"
"Instant Pot Butternut Squash Soup","Minced fresh chives"
"Instant Pot Barbecue Pulled Pork Sandwiches","3 tablespoons light brown sugar"
"Instant Pot Barbecue Pulled Pork Sandwiches","2 teaspoons hot paprika"
"Instant Pot Barbecue Pulled Pork Sandwiches","1 teaspoon mustard powder"
"Instant Pot Barbecue Pulled Pork Sandwiches","1/2 teaspoon ground cumin"
"Instant Pot Barbecue Pulled Pork Sandwiches","Kosher salt and freshly ground pepper"
"Instant Pot Barbecue Pulled Pork Sandwiches","One 4-pound boneless pork shoulder, trimmed of excess fat and cut into 6 pieces"
"Instant Pot Barbecue Pulled Pork Sandwiches","2 teaspoons vegetable oil"
"Instant Pot Barbecue Pulled Pork Sandwiches","1/2 cup apple cider vinegar, plus more to taste"
"Instant Pot Barbecue Pulled Pork Sandwiches","3 tablespoons tomato paste"
"Instant Pot Barbecue Pulled Pork Sandwiches","12 hamburger potato buns"
"Instant Pot Barbecue Pulled Pork Sandwiches","1 cup barbecue sauce, for serving"
"Instant Pot Barbecue Pulled Pork Sandwiches","4 cups coleslaw, for serving"
"5-Ingredient Instant Pot Mac and Cheese","1 pound elbow macaroni"
"5-Ingredient Instant Pot Mac and Cheese","Kosher salt"
"5-Ingredient Instant Pot Mac and Cheese","One 12-ounce can evaporated milk"
"5-Ingredient Instant Pot Mac and Cheese","3 tablespoons unsalted butter"
"5-Ingredient Instant Pot Mac and Cheese","3 cups shredded mild or medium Cheddar"
"Instant Pot Greek Chicken Bowls","1/2 teaspoon dried oregano"
"Instant Pot Greek Chicken Bowls","1/2 teaspoon Spanish paprika"
"Instant Pot Greek Chicken Bowls","Pinch crushed red pepper flakes"
"Instant Pot Greek Chicken Bowls","1/4 cup plus 2 tablespoons olive oil"
"Instant Pot Greek Chicken Bowls","3 cloves garlic, grated"
"Instant Pot Greek Chicken Bowls","1 1/2 pounds boneless, skinless chicken breasts, sliced 1/2-inch thick"
"Instant Pot Greek Chicken Bowls","Kosher salt and freshly ground black pepper"
"Instant Pot Greek Chicken Bowls","1 cup couscous"
"Instant Pot Greek Chicken Bowls","1 cup full-fat Greek yogurt"
"Instant Pot Greek Chicken Bowls","Juice of 1 lemon"
"Instant Pot Greek Chicken Bowls","1 English cucumber, chopped"
"Instant Pot Greek Chicken Bowls","1 cup cherry tomatoes, quartered"
"Instant Pot Greek Chicken Bowls","1/2 cup pitted Kalamata olives, chopped"
"Instant Pot Greek Chicken Bowls","1/2 cup crumbled feta"
"Instant Pot Greek Chicken Bowls","2 tablespoons chopped fresh dill"
"Instant Pot Carnitas","3 pounds boneless pork shoulder (Boston butt), cut into 1 1/2-inch pieces"
"Instant Pot Carnitas","1 pound pork belly, cut into 1-inch pieces"
"Instant Pot Carnitas","1/2 cup lager, homemade chicken stock or low-sodium chicken broth"
"Instant Pot Carnitas","Kosher salt and freshly ground black pepper"
"Instant Pot Carnitas","1 tablespoon chili powder"
"Instant Pot Carnitas","1 teaspoon ground cumin"
"Instant Pot Carnitas","1/2 teaspoon ground coriander"
"Instant Pot Carnitas","Serving suggestions: Warm corn tortillas, pico de gallo, lime wedges, guacamole, chopped onion, chopped cilantro and shredded cabbage"
"Instant Pot Chicken Adobo","4 chicken legs, thighs and drumsticks separated"
"Instant Pot Chicken Adobo","Kosher salt and freshly ground black pepper"
"Instant Pot Chicken Adobo","2 tablespoons vegetable oil"
"Instant Pot Chicken Adobo","1/3 cup soy sauce"
"Instant Pot Chicken Adobo","1/4 cup sugar"
"Instant Pot Chicken Adobo","1/4 cup white distilled vinegar"
"Instant Pot Chicken Adobo","5 cloves garlic, smashed"
"Instant Pot Chicken Adobo","2 bay leaves"
"Instant Pot Chicken Adobo","1 large yellow onion, sliced"
"Instant Pot Chicken Adobo","2 scallions, sliced"
"Instant Pot Chicken Adobo","Cooked rice, for serving"
"Instant Pot Indian Shrimp Biriyani","1 cup whole-milk yogurt"
"Instant Pot Indian Shrimp Biriyani","1/4 cup fresh mint leaves, chopped"
"Instant Pot Indian Shrimp Biriyani","1/4 cup fresh cilantro leaves, chopped"
"Instant Pot Indian Shrimp Biriyani","1 pound peeled and deveined large shrimp (16/20), tail on"
"Instant Pot Indian Shrimp Biriyani","1 1/4 teaspoons madras curry powder"
"Instant Pot Indian Shrimp Biriyani","Kosher salt and freshly ground black pepper"
"Instant Pot Indian Shrimp Biriyani","6 tablespoons unsalted butter"
"Instant Pot Indian Shrimp Biriyani","1 small onion, chopped"
"Instant Pot Indian Shrimp Biriyani","1 tablespoon chopped fresh ginger (from a 1-inch knob)"
"Instant Pot Indian Shrimp Biriyani","1/2 teaspoon ground turmeric"
"Instant Pot Indian Shrimp Biriyani","1/2 teaspoon Spanish paprika"
"Instant Pot Indian Shrimp Biriyani","4 cloves garlic, minced"
"Instant Pot Indian Shrimp Biriyani","1 cup basmati rice"
"Instant Pot Chicken Noodle Soup","1 tablespoon olive oil"
"Instant Pot Chicken Noodle Soup","5 medium carrots, cut into 1/4-inch-thick diagonal slices"
"Instant Pot Chicken Noodle Soup","3 large stalks celery, cut into 1/2-inch-thick slices"
"Instant Pot Chicken Noodle Soup","2 cloves garlic, minced"
"Instant Pot Chicken Noodle Soup","1 large yellow onion, cut into a large dice"
"Instant Pot Chicken Noodle Soup","Kosher salt and freshly ground black pepper"
"Instant Pot Chicken Noodle Soup","One 3-pound whole chicken"
"Instant Pot Chicken Noodle Soup","One 3-inch piece ginger, halved lengthwise (optional)"
"Instant Pot Chicken Noodle Soup","6 ounces extra-wide egg noodles (about 4 cups)"
"Instant Pot Chicken Noodle Soup","2 tablespoons fresh dill fronds, roughly chopped"
"Instant Pot Chicken Cacciatore","8 bone-in, skin-on chicken thighs (about 2 1/2 pounds)"
"Instant Pot Chicken Cacciatore","Kosher salt and freshly ground black pepper"
"Instant Pot Chicken Cacciatore","2 tablespoons olive oil"
"Instant Pot Chicken Cacciatore","3 strips bacon"
"Instant Pot Chicken Cacciatore","1 medium onion, chopped"
"Instant Pot Chicken Cacciatore","2 medium carrots, chopped"
"Instant Pot Chicken Cacciatore","2 cloves garlic, minced"
"Instant Pot Chicken Cacciatore","3 tablespoons tomato paste"
"Instant Pot Chicken Cacciatore","1 tablespoon fresh thyme leaves"
"Instant Pot Chicken Cacciatore","3/4 cup red wine"
"Instant Pot Chicken Cacciatore","1/4 cup chopped fresh flat-leaf parsley"
"Instant Pot Chicken Cacciatore","Serving suggestion: polenta"
"Instant Pot Pasta Marinara","3 tablespoons olive oil"
"Instant Pot Pasta Marinara","3 garlic cloves, thinly sliced"
"Instant Pot Pasta Marinara","Pinch red pepper flakes"
"Instant Pot Pasta Marinara","28 ounces whole peeled San Marzano tomatoes"
"Instant Pot Pasta Marinara","Kosher salt"
"Instant Pot Pasta Marinara","1 pound penne pasta"
"Instant Pot Pasta Marinara","2 tablespoons unsalted butter"
"Instant Pot Pasta Marinara","1/4 cup grated Parmesan"
"Instant Pot Butter Chicken","1 stick (8 tablespoons) cultured or unsalted butter"
"Instant Pot Butter Chicken","2 tablespoons finely grated fresh ginger"
"Instant Pot Butter Chicken","4 teaspoons fenugreek leaves"
"Instant Pot Butter Chicken","4 teaspoons fenugreek seeds"
"Instant Pot Butter Chicken","4 teaspoons garam masala"
"Instant Pot Butter Chicken","6 cloves garlic, chopped"
"Instant Pot Butter Chicken","5 green cardamom pods"
"Instant Pot Butter Chicken","1 large onion, sliced"
"Instant Pot Butter Chicken","1 serrano chile, stemmed and split lengthwise"
"Instant Pot Butter Chicken","One 3-inch cinnamon stick"
"Instant Pot Butter Chicken","Kosher salt"
"Instant Pot Butter Chicken","1/4 cup tomato paste"
"Instant Pot Butter Chicken","One 28-ounce can peeled whole tomatoes"
"Instant Pot Butter Chicken","2 pounds boneless, skinless chicken thighs"
"Instant Pot Butter Chicken","1/2 cup heavy cream"
"Instant Pot Butter Chicken","Chopped fresh cilantro, steamed basmati rice and naan, for serving"
"Instant Pot Creamy Ranch Chicken Pasta","2 boneless, skinless chicken thighs (about 8 ounces)"
"Instant Pot Creamy Ranch Chicken Pasta","One 1-ounce package ranch-dressing seasoning mix"
"Instant Pot Creamy Ranch Chicken Pasta","1 pound penne pasta"
"Instant Pot Creamy Ranch Chicken Pasta","4 ounces cream cheese, at room temperature"
"Instant Pot Creamy Ranch Chicken Pasta","2 tablespoons sour cream, at room temperature"
"Instant Pot Creamy Ranch Chicken Pasta","1/4 cup sharp yellow Cheddar, shredded"
"Instant Pot Mini Frittatas","2 slices bacon, cut into 1/4-inch pieces"
"Instant Pot Mini Frittatas","1 cup 1/4-inch-thick sliced button mushrooms (halved if mushrooms are very large)"
"Instant Pot Mini Frittatas","1/2 teaspoon fresh thyme leaves"
"Instant Pot Mini Frittatas","Kosher salt and freshly ground black pepper"
"Instant Pot Mini Frittatas","1/3 cup lightly packed chopped baby spinach"
"Instant Pot Mini Frittatas","1/4 cup grated sharp Cheddar"
"Instant Pot Mini Frittatas","5 large eggs"
"Instant Pot Mini Frittatas","1/3 cup heavy cream"
"Instant Pot Mini Frittatas","Pinch freshly grated nutmeg"
"Instant Pot Beef Stew","1 tablespoon vegetable oil"
"Instant Pot Beef Stew","2 1/2 pounds boneless beef chuck roast, trimmed and cut into 1-inch cubes"
"Instant Pot Beef Stew","2 tablespoons all-purpose flour"
"Instant Pot Beef Stew","Kosher salt and freshly ground black pepper"
"Instant Pot Beef Stew","2 tablespoons tomato paste"
"Instant Pot Beef Stew","1/3 cup dry red wine"
"Instant Pot Beef Stew","3 carrots, cut into 2-inch pieces"
"Instant Pot Beef Stew","3 celery ribs, cut into 1-inch pieces"
"Instant Pot Beef Stew","1 sprig fresh thyme"
"Instant Pot Beef Stew","1 cup frozen pearl onions"
"Instant Pot Saag Paneer","2 pounds baby spinach"
"Instant Pot Saag Paneer","4 tablespoons unsalted cultured butter (see Cook's Note)"
"Instant Pot Saag Paneer","1 pound paneer, cut into 1-inch cubes"
"Instant Pot Saag Paneer","1 tablespoon chopped fresh ginger"
"Instant Pot Saag Paneer","6 cloves garlic, chopped"
"Instant Pot Saag Paneer","1 large yellow onion, finely chopped"
"Instant Pot Saag Paneer","1 serrano pepper, chopped"
"Instant Pot Saag Paneer","Kosher salt and freshly ground black pepper"
"Instant Pot Saag Paneer","1 teaspoon garam masala"
"Instant Pot Saag Paneer","1 cup whole-milk Greek yogurt"
"Instant Pot Saag Paneer","1 teaspoon finely grated lemon zest plus 1 tablespoon lemon juice"
"Instant Pot Saag Paneer","Steamed basmati rice or warmed naan, for serving"
"Instant Pot Black Bean Soup","2 tablespoons vegetable oil"
"Instant Pot Black Bean Soup","1 medium white onion, chopped"
"Instant Pot Black Bean Soup","5 cloves garlic, thinly sliced"
"Instant Pot Black Bean Soup","4 teaspoons chili powder"
"Instant Pot Black Bean Soup","1 1/2 teaspoons ground cumin"
"Instant Pot Black Bean Soup","1 1/2 teaspoons dried oregano"
"Instant Pot Black Bean Soup","2 1/2 cups dry black beans, picked over and non-beans removed"
"Instant Pot Black Bean Soup","2 bay leaves"
"Instant Pot Black Bean Soup","Kosher salt and freshly grated black pepper"
"Instant Pot Black Bean Soup","Sliced avocado, cilantro leaves, chopped scallions, lime wedges and sour cream, for serving"
"Instant Pot Lemon Frozen Chicken with Orzo","2 tablespoons unsalted butter"
"Instant Pot Lemon Frozen Chicken with Orzo","8 ounces button mushrooms, trimmed and sliced"
"Instant Pot Lemon Frozen Chicken with Orzo","1 shallot, thinly sliced"
"Instant Pot Lemon Frozen Chicken with Orzo","2 teaspoons thyme leaves"
"Instant Pot Lemon Frozen Chicken with Orzo","8 ounces orzo (about 1 1/3 cup)"
"Instant Pot Lemon Frozen Chicken with Orzo","3 cups low-sodium chicken broth"
"Instant Pot Lemon Frozen Chicken with Orzo","Zest and juice of 1 lemon"
"Instant Pot Lemon Frozen Chicken with Orzo","2 frozen chicken breasts (6 to 8 ounces each)"
"Instant Pot Lemon Frozen Chicken with Orzo","Kosher salt and freshly ground black pepper"
"Instant Pot Lemon Frozen Chicken with Orzo","8 cups baby spinach (about 6 ounces)"
"Instant Pot Lemon Frozen Chicken with Orzo","1/4 cup heavy cream"
"Instant Pot Lemon Frozen Chicken with Orzo","1/4 cup grated Parmesan"
"Instant Pot Tacos","2 pounds lean ground beef, frozen"
"Instant Pot Tacos","1 yellow onion, finely diced"
"Instant Pot Tacos","2 cloves garlic, chopped"
"Instant Pot Tacos","2 tablespoons chili powder"
"Instant Pot Tacos","1 tablespoon ground cumin"
"Instant Pot Tacos","1 tablespoon cornstarch"
"Instant Pot Tacos","Kosher salt and freshly ground black pepper"
"Instant Pot Tacos","Taco shells, heated according to package instructions"
"Instant Pot Tacos","Assorted toppings for serving, such as sour cream, shredded Cheddar, shredded lettuce, chopped tomatoes, avocado, sliced black olives, hot sauce"
"Instant Pot Spaghetti Squash with Marinara","1 small spaghetti squash (about 3 pounds)"
"Instant Pot Spaghetti Squash with Marinara","One 28-ounce can whole tomatoes"
"Instant Pot Spaghetti Squash with Marinara","1/4 cup extra-virgin olive oil"
"Instant Pot Spaghetti Squash with Marinara","1 medium yellow onion, finely chopped"
"Instant Pot Spaghetti Squash with Marinara","Kosher salt"
"Instant Pot Spaghetti Squash with Marinara","3 cloves garlic, finely minced"
"Instant Pot Spaghetti Squash with Marinara","Crushed red pepper flakes, as needed"
"Instant Pot Spaghetti Squash with Marinara","1/4 cup grated Parmesan"
"Instant Pot Spaghetti Squash with Marinara","Torn fresh basil leaves, for garnish"
"Instant Pot Pozole Rojo","3 ounces guajillo or dried New Mexico chiles (about 12), stemmed and seeded"
"Instant Pot Pozole Rojo","2 ounces ancho chiles (about 4), stemmed and seeded"
"Instant Pot Pozole Rojo","1 ounce cascabel chile (about 5) stemmed and seeded"
"Instant Pot Pozole Rojo","1 tablespoon vegetable oil"
"Instant Pot Pozole Rojo","3 pounds boneless pork shoulder"
"Instant Pot Pozole Rojo","1 tablespoon dried oregano, preferably Mexican, plus more for serving"
"Instant Pot Pozole Rojo","1 teaspoon whole black peppercorns"
"Instant Pot Pozole Rojo","2 heads garlic (about 20 cloves), separated and peeled"
"Instant Pot Pozole Rojo","2 whole cloves"
"Instant Pot Pozole Rojo","1 white onion, sliced, plus chopped white onion, for serving"
"Instant Pot Pozole Rojo","Kosher salt"
"Instant Pot Pozole Rojo","One 14- to 16-ounce bag dry hominy (pozole), picked through and rinsed"
"Instant Pot Pozole Rojo","1 bunch fresh cilantro, plus additional leaves, for serving"
"Instant Pot Pozole Rojo","1 bunch fresh mint"
"Instant Pot Pozole Rojo","1 bay leaf"
"Instant Pot Pozole Rojo","Thinly sliced cabbage, thinly sliced radishes, fried tortilla strips, crumbled queso fresco, crema and lime wedges, for serving"
"Instant Pot Korean Style Short Ribs","1/4 cup soy sauce"
"Instant Pot Korean Style Short Ribs","3 tablespoons gochujang"
"Instant Pot Korean Style Short Ribs","2 tablespoons peeled and grated ginger"
"Instant Pot Korean Style Short Ribs","2 tablespoons dark brown sugar"
"Instant Pot Korean Style Short Ribs","1/2 pear, peeled, cored and grated on the large holes of a box grater"
"Instant Pot Korean Style Short Ribs","2 cloves garlic, finely grated"
"Instant Pot Korean Style Short Ribs","3 tablespoons toasted sesame oil"
"Instant Pot Korean Style Short Ribs","2 pounds 1/4- to 1/2-inch-thick crosscut bone-in beef short ribs (flanken style)"
"Instant Pot Korean Style Short Ribs","2 scallions, green part only, sliced thinly on the diagonal, plus additional for serving"
"Instant Pot Korean Style Short Ribs","1 hothouse cucumber, halved lengthwise and thinly sliced"
"Instant Pot Korean Style Short Ribs","2 tablespoons seasoned rice vinegar"
"Instant Pot Korean Style Short Ribs","1 to 2 teaspoons gochugaru (coarse Korean hot pepper flakes) or 1 teaspoon crushed red pepper flakes"
"Instant Pot Korean Style Short Ribs","1 teaspoon toasted sesame seeds, plus additional for serving"
"Instant Pot Korean Style Short Ribs","1 teaspoon granulated sugar"
"Instant Pot Korean Style Short Ribs","Kosher salt"
"Instant Pot Korean Style Short Ribs","Serving suggestion: Steamed rice"
"Instant Pot Chicken and Dumplings","4 tablespoons unsalted butter"
"Instant Pot Chicken and Dumplings","1 tablespoon baking powder"
"Instant Pot Chicken and Dumplings","1 3/4 cups plus 2 tablespoons all-purpose flour"
"Instant Pot Chicken and Dumplings","Kosher salt and freshly ground black pepper"
"Instant Pot Chicken and Dumplings","1 cup whole milk, at room temperature"
"Instant Pot Chicken and Dumplings","1 small onion, chopped"
"Instant Pot Chicken and Dumplings","2 medium celery stalks, chopped"
"Instant Pot Chicken and Dumplings","2 medium carrots, chopped"
"Instant Pot Chicken and Dumplings","2 cloves garlic, minced"
"Instant Pot Chicken and Dumplings","1 tablespoon fresh thyme leaves"
"Instant Pot Chicken and Dumplings","2 cups chicken stock"
"Instant Pot Chicken and Dumplings","1/2 cup dry white wine"
"Instant Pot Chicken and Dumplings","1 1/2 pounds boneless, skinless chicken breasts, cut into 1-inch pieces"
"Instant Pot Chicken and Dumplings","1 cup frozen peas"
"Instant Pot Chicken and Dumplings","1/4 cup chopped fresh flat-leaf parsley"
"Instant Pot Pot Roast","One 4-pound chuck roast"
"Instant Pot Pot Roast","Kosher salt and freshly ground black pepper"
"Instant Pot Pot Roast","1 tablespoon olive oil"
"Instant Pot Pot Roast","1/4 cup tomato paste"
"Instant Pot Pot Roast","4 cloves garlic, minced"
"Instant Pot Pot Roast","3 tablespoons all-purpose flour"
"Instant Pot Pot Roast","1 1/2 cups dry red wine"
"Instant Pot Pot Roast","1 1/2 cups mushroom or beef broth"
"Instant Pot Pot Roast","16 small redskin potatoes (about 1 1/2 pounds)"
"Instant Pot Pot Roast","4 large carrots, cut into 2-inch-long diagonal pieces"
"Instant Pot Pot Roast","3 large celery stalks, diced"
"Instant Pot Pot Roast","1 large sprig fresh rosemary"
"Instant Pot Pot Roast","1 large sprig fresh thyme"
"Instant Pot Pot Roast","2 large yellow onions, trimmed and halved"
"Instant Pot Sunday Sauce","1 tablespoon olive oil"
"Instant Pot Sunday Sauce","2 bone-in beef short ribs (about 2 pounds)"
"Instant Pot Sunday Sauce","2 country style pork ribs (about 1 pound)"
"Instant Pot Sunday Sauce","1 large onion, finely chopped"
"Instant Pot Sunday Sauce","6 cloves garlic, finely chopped"
"Instant Pot Sunday Sauce","1/2 cup tomato paste"
"Instant Pot Sunday Sauce","1/2 cup dry red wine"
"Instant Pot Sunday Sauce","One 28-ounce can whole peeled tomatoes"
"Instant Pot Sunday Sauce","4 links sweet or hot Italian sausages"
"Instant Pot Sunday Sauce","Kosher salt and freshly ground black pepper"
"Instant Pot Sunday Sauce","Crushed red pepper flakes, optional"
"Instant Pot Sunday Sauce","1 pound ground beef sirloin"
"Instant Pot Sunday Sauce","1/2 cup grated Parmesan"
"Instant Pot Sunday Sauce","1/4 cup plain breadcrumbs"
"Instant Pot Sunday Sauce","1/4 cup milk"
"Instant Pot Sunday Sauce","1/4 cup chopped fresh flat-leaf parsley"
"Instant Pot Sunday Sauce","2 cloves garlic, grated"
"Instant Pot Sunday Sauce","1 large egg"
"Instant Pot Sunday Sauce","Kosher salt and freshly ground black pepper"
"Instant Pot Sunday Sauce","Serving suggestions: pasta or polenta"