"Recipe Name","servings","Total Time","Instruction"
"Healthified Broccoli Cheddar Soup","6 serving(s)","40","Separate the stems and the florets from the broccoli. Trim and discard the bottom of the broccoli stems and peel the tough outer layers. Finely chop the stems and coarsely chop the florets and set aside separately.
Mist a large pot with nonstick cooking spray and heat over medium heat. Add the broccoli stems, onions and potatoes and cook, stirring, until softened, 7 to 10 minutes. Add the flour and cook, stirring, until lightly toasted, about 2 minutes. Stir in the broth and bring to a boil. Reduce the heat to maintain a simmer and continue to cook, stirring occasionally, until thickened and the vegetables are tender, 12 to 15 minutes.
Meanwhile, combine the reserved florets and 1/2 cup water in a small saucepan. Bring to a boil, cover and continue to steam until the florets are bright green and crisp-tender, about 5 minutes. Add the entire contents of the pot with the florets to the soup along with the nutmeg. Stir to combine and remove from the heat. Stir in the Cheddar, Worcestershire and milk. Season with salt and pepper. Garnish with the scallions."
"Hash Brown Casserole","10 serving(s)","80","Preheat the oven to 375 degrees F. Coat a 9- by 13-inch baking dish with cooking spray.
Whisk together the yogurt, milk, sour cream and flour in a large bowl. Stir in the hash browns, 1/2 cup of the Cheddar, 2 teaspoons salt and 1/2 teaspoon pepper. Set aside.
Melt the butter in a large skillet over medium-high heat. Add the onions and cook, stirring often, until soft and lightly browned, about 10 minutes. Add the mushrooms and cook, stirring often, until the mushrooms are wilted and the onions begin to brown, about 10 minutes more. If the pan gets too hot, add a splash or two of water as needed. Stir in the garlic and cook for 1 minute. Stir the vegetables into the hash brown mixture to combine.
Spread the mixture evenly in the prepared dish. Sprinkle with the remaining 1/2 cup cheese, the breadcrumbs and nutmeg if using. Bake until a deep golden brown, about 45 minutes.
Sprinkle with parsley and serve."
"Pork Tenderloin with Seasoned Rub","4 serving(s)","35","Preheat the oven to 450 degrees F.
In separate bowl mix dry ingredients such as garlic powder, oregano, cumin, coriander, thyme and salt. Stir mixture with a fork until all the ingredients are well combined and they form a seasoning. This will be used as a rub to ensure the pork is well seasoned throughout. Sprinkle the rub over the tenderloin with a dry hand, then rub the pork with the seasoning over both sides of the meat, pressing gently so the seasoning adheres well to the tenderloin.
In a large skillet over medium-high heat, add the olive oil and heat. Add the minced garlic and saute, stirring, for 1 minute. Put tenderloin in the pan and cook for about 10 minutes, searing each side using tongs to turn the meat. Transfer meat to a roasting pan and bake for 20 minutes. Slice and serve."
"Chicken and Broccoli Stir-Fry","4 serving(s)","27","In a medium bowl, toss the chicken with the scallion whites, sugar, sesame oil, sherry, soy sauce, about half the garlic, half the ginger, 1 teaspoon of the cornstarch and 1 teaspoon salt. Marinate at room temperature for 15 minutes. Mix the remaining 1 tablespoon cornstarch with 1/3 cup water in a small bowl and reserve.
Heat a large nonstick skillet over high heat. Add 1 tablespoon of the vegetable oil and heat. Add the broccoli stems and stir-fry for 30 seconds. Add the florets and the remaining garlic and ginger, 2 tablespoons water, 1/4 teaspoon salt and some black pepper. Stir-fry until the broccoli is bright green but still crisp, about 2 minutes. Transfer to a plate.
Get the skillet good and hot again, and then heat the remaining 2 tablespoons vegetable oil. Add the chicken and red pepper flakes if using. Stir-fry until the chicken loses its raw color and gets a little brown, about 3 minutes. Add the hoisin sauce, return the broccoli to the pan and toss to heat through. Stir in the reserved cornstarch mixture and bring to a boil to thicken. Add more water if need to thin the sauce, if necessary. Taste and season with salt and pepper, if you like.
Mound the stir-fry on a serving platter or divide among 4 plates and garnish with sesame seeds; serve with rice."
"Roman-Style Chicken","6 serving(s)","60","Season the chicken with 1/2 teaspoon salt and 1/2 teaspoon pepper. In a heavy, large skillet, heat the olive oil over medium heat. When the oil is hot, cook the chicken until browned on both sides. Remove from the pan and set aside.
Keeping the same pan over medium heat, add the peppers and prosciutto and cook until the peppers have browned and the prosciutto is crisp, about 5 minutes. Add the garlic and cook for 1 minute. Add the tomatoes, wine, and herbs. Using a wooden spoon, scrape the browned bits off the bottom of the pan. Return the chicken to the pan, add the stock, and bring the mixture to a boil. Reduce the heat and simmer, covered, until the chicken is cooked through, about 20 to 30 minutes.
If serving immediately, add the capers and the parsley. Stir to combine and serve. If making ahead of time, transfer the chicken and sauce to a storage container, cool, and refrigerate. The next day, reheat the chicken to a simmer over medium heat. Stir in the capers and the parsley and serve."
"Guacamole","6 serving(s)","80","In a large bowl place the scooped avocado pulp and lime juice, toss to coat. Drain, and reserve the lime juice, after all of the avocados have been coated. Using a potato masher add the salt, cumin, and cayenne and mash. Then, fold in the onions, tomatoes, cilantro, and garlic. Add 1 tablespoon of the reserved lime juice. Let sit at room temperature for 1 hour and then serve."
"Roasted Brussels Sprouts","6 serving(s)","50","Preheat oven to 400 degrees F.
Cut off the brown ends of the Brussels sprouts and pull off any yellow outer leaves. Mix them in a bowl with the olive oil, salt and pepper. Pour them on a sheet pan and roast for 35 to 40 minutes, until crisp on the outside and tender on the inside. Shake the pan from time to time to brown the sprouts evenly. Sprinkle with more kosher salt ( I like these salty like French fries), and serve immediately."
"Oven-Baked Salmon","4 serving(s)","20","Preheat the oven to 450 degrees F.
Season salmon with salt and pepper. Place salmon, skin side down, on a non-stick baking sheet or in a non-stick pan with an oven-proof handle. Bake until salmon is cooked through, about 12 to 15 minutes. Serve with the Toasted Almond Parsley Salad and squash, if desired.
Mince the shallot and add to a small bowl. Pour the vinegar over the shallots and add a pinch of salt. Let sit for 30 minutes.
Roughly chop the capers, parsley and almonds and add to the shallots. Add the olive oil, tasting as you go. Mix again and adjust the seasonings."
"Chicken Saltimbocca","6 serving(s)","35","Place the chicken cutlets flat on the work surface. Sprinkle the chicken with salt and pepper. Lay 1 slice of prosciutto atop each chicken cutlet.
Squeeze the frozen spinach to remove the excess water. Season the spinach with salt and pepper. In a small bowl, toss the spinach with 1 tablespoon of oil to coat.
Arrange an even, thin layer of spinach atop the prosciutto slices. Sprinkle the Parmesan evenly over each. Beginning at the short tapered end, roll up each chicken cutlet as for a jellyroll. Secure with a toothpick.
Heat the remaining 2 tablespoons of oil in a heavy large skillet over high heat. Add the chicken and cook just until golden brown, about 2 minutes per side. Add the chicken broth and lemon juice, and scrape the browned bits off the bottom of the pan with a wooden spoon. Bring the liquid to a boil. Reduce the heat to medium. Cover and simmer until the chicken is just cooked through, about 8 to 10 minutes. Transfer the chicken to a platter. Simmer the cooking liquid over high heat until it is reduced to about 2/3 cup, about 5 minutes. Season the cooking liquid with salt and pepper, to taste. Remove toothpicks from the chicken. Drizzle the reduced cooking liquid over the chicken and serve immediately."
"Lentil Soup","8 serving(s)","75","Place the olive oil into a large 6-quart Dutch oven and set over medium heat. Once hot, add the onion, carrot, celery and salt and sweat until the onions are translucent, approximately 6 to 7 minutes. Add the lentils, tomatoes, broth, coriander, cumin and grains of paradise and stir to combine. Increase the heat to high and bring just to a boil. Reduce the heat to low, cover and cook at a low simmer until the lentils are tender, approximately 35 to 40 minutes. Using a stick blender, puree to your preferred consistency. Serve immediately."
"Chicken Scampi Pasta","6 serving(s)","25","Bring a large pot of salted water to a boil for the pasta. Sprinkle the chicken with some salt. Heat a large skillet over medium-high heat until hot, then add the oil. Working in 2 batches, brown the chicken until golden but not cooked through, 2 to 3 minutes per batch. Remove the chicken to a plate.
Melt 4 tablespoons of the butter in the skillet. Add the garlic and red pepper flakes and cook until the garlic just begins to turn golden at the edges, 30 seconds to 1 minute. Add the wine, bring to a simmer and cook until reduced by half, about 2 minutes. Remove from the heat.
Meanwhile, cook the pasta until very al dente, reserving 1 cup of the pasta water. Add the pasta and 3/4 cup pasta water to the skillet along with the chicken, lemon zest and juice and the remaining 4 tablespoons butter. Return the skillet to medium-low heat and gently stir the pasta until the butter is melted, adding the remaining 1/4 pasta water if the pasta seems too dry. Remove the skillet from the heat, sprinkle with the grated cheese and parsley and toss before serving."
"Pasta with Escarole, White Beans and Chicken Sausage","4 serving(s)","25","Cook the pasta according to the directions on the package.
Heat the oil over a medium heat in a large, deep saute pan or 8-quart stockpot.
Saute the onion until soft and translucent, about 5 minutes. Add the garlic and cook an additional 1 minute. Stir in the sausage and cook until heated through and browned, about 4 minutes. Add the escarole and cook until wilted, about 3 to 4 minutes.
Add the beans, 1 cup of chicken stock, sage and red pepper flakes and simmer until the mixture is heated through and liquid is slightly reduced.
Add the sausage-bean mixture to pasta and toss well, loosening with the additional 1/2 cup chicken stock if necessary. Season with freshly ground pepper and salt, to taste.
Divide among 4 pasta bowls and top with Parmesan cheese."
"Chicken Sausage, Pepper and Onion Pasta Fake-Bake","4 serving(s)","35","Place a pot of water on the stove to boil for pasta. When the water boils, salt it and cook pasta to al dente, with a bite to it. Prick sausages with a fork. Place chicken sausages in a large skillet and add 1 inch of water. Add 1 tablespoon extra-virgin olive oil to the skillet, 1 turn of the pan. Bring water to a boil then reduce heat a little. Allow all the liquid to cook away then brown and crisp the casings, 5 to 6 minutes. Preheat broiler. While pasta and sausage cook, heat a deep skillet over medium heat with 2 tablespoons extra-virgin olive oil, 2 turns of the pan. Add the peppers, onions and garlic and season with salt and pepper. When the sausages are cooked through, slice them on an angle and add them to the peppers and onions. Cook together until peppers and onions are tender and sliced sausages are crisp at edges then deglaze the pan with white wine or chicken stock. Stir in crushed tomatoes and bring to a bubble, reduce heat to low. Drain rigatoni and return to warm pot. Add ricotta cheese, salt and pepper, parsley and basil and half of the Parmigiano, a couple of handfuls, stir to combine. To assemble the ""fake bake,"" place half the sausage, peppers, onions and sauce in the bottom of a flameproof baking dish. Top with all of the pasta and then the remaining sausage and sauce. Cover the top of the dish with the grated Parmigiano and place until broiler 2 minutes to brown cheese and set pasta.;"
"Jambalaya Pasta with Penne, Chicken, Shrimp and Andouille","6 serving(s)","40","Fill a large, 1-gallon stock pot with a pasta insert, 3/4 full with water. Bring to a boil over high heat and season with salt to taste. Place the penne in the salted water and return to a boil, stirring occasionally. Cook the pasta until nearly al dente, 10 to 12 minutes. Drain and set aside, reserving 1 cup of the pasta cooking water.
While the pasta cooks, set a 14-inch saute pan over medium-high heat and add 1 tablespoon of the olive oil, swirl the pan to evenly coat with the oil. Season the shrimp with 2 teaspoons of the Essence and 1/8 teaspoon salt. Place the shrimp in the pan and sear for 1 minute per side. Remove the shrimp from the pan and set aside. Add another tablespoon of the olive oil to the saute pan and season the chicken breast with 2 teaspoons of the Essence and 1/8 teaspoon of the salt. Place the chicken breast in the pan and sear for 3 minutes, turning to ensure even browning. Remove the chicken from the pan and set aside with the seared shrimp.
Place the remaining tablespoon of olive oil in the saute pan and add the sausage, onions and bell peppers. Saute, stirring occasionally, until the sausage is lightly caramelized and the onions are translucent, about 3 minutes. Add the garlic to the pan and saute for 30 seconds. Add the chicken stock to the pan and scrape with a spoon to remove any browned bits that have formed in the bottom of the pan, about 30 seconds. Add the diced tomatoes, fresh thyme, the remaining tablespoon of Essence and 1/2 teaspoon salt and cook for 2 minutes. Add the heavy cream to the pan and cook an additional 2 minutes. Return the shrimp and chicken to the pan, as well as the nearly al dente pasta and the reserved 1 cup of pasta cooking water. Continue to cook the sauce and pasta, stirring occasionally, until the shrimp and chicken are cooked through, the pasta is al dente and most of the pasta cooking water has evaporated, about 3 minutes. Remove from the heat and add the basil and Parmesan. Toss to combine and serve while hot.
Combine all ingredients thoroughly.
Recipe from ""New New Orleans Cooking"", by Emeril Lagasse and Jessie Tirsch
Published by William Morrow, 1993."
"Herbed Chicken Marsala","4 serving(s)","35","Place the chicken cutlets between 2 pieces of plastic wrap and pound with a meat mallet (or the flat side of a chef's knife) until about 1/3 inch thick. Sprinkle with 1/4 teaspoon salt and 1/4 teaspoon pepper.
Put the flour on a medium plate. Heat the oil in a large nonstick skillet over medium-high heat. Dredge the chicken in the flour to fully coat, shaking off any excess. Add the chicken to the skillet and fry until fully cooked and golden brown, about 4 minutes per side. Transfer to a platter and tent with foil to keep warm.
Add 1/2 cup of the broth, the sun-dried tomatoes and rosemary to any remaining drippings in the skillet and cook, stirring frequently, for 1 minute to plump the tomatoes. Add the mushrooms, 1/4 teaspoon salt and 1/2 teaspoon pepper and cook until the mushrooms are soft, about 5 minutes. Add the marsala and bring to a boil. Add the remaining 1/4 cup broth and the butter and simmer until the butter is fully melted, about 30 seconds.
Spoon the mushroom mixture and sauce over the chicken, sprinkle with the parsley and serve."
"Lemony Yogurt Pound Cake","8 serving(s)","125","Preheat the oven to 350 degrees F. Coat an 8 1/2- by 4 1/2-inch loaf pan with baking spray. Whisk together the flour, baking powder and salt in a medium bowl. Put the sugar and lemon zest in another bowl and rub the lemon zest into the sugar with your fingers. Add the yogurt, milk, olive oil, vanilla, egg whites and whole egg and vigorously whisk until well blended. Add the flour mixture into the egg mixture and fold until just incorporated. Transfer to the prepared pan. Bake until a cake tester inserted in the center comes out clean, about 50 minutes. Cool in the pan on a wire rack for 5 minutes, and then unmold and cool to room temperature."
"Sloppy Joes","8 serving(s)","30","Brown the meat and the onion in a large nonstick skillet over medium-high heat for 5 minutes, breaking up the meat into crumbles as it cooks. Pour the drippings out of the pan and discard. Add the garlic, jalapeno, and red pepper and cook 5 minutes more, stirring occasionally. Stir in the rest of the ingredients, reduce heat to low, and simmer for 5 minutes more. Place a half-cup scoop of the mixture onto each bun and serve."
"Pan-Seared Salmon with Kale and Apple Salad","4 serving(s)","40","Bring the salmon to room temperature 10 minutes before cooking.
Meanwhile, whisk together the lemon juice, 2 tablespoons of the olive oil and 1/4 teaspoon salt in a large bowl. Add the kale, toss to coat and let stand 10 minutes.
While the kale stands, cut the dates into thin slivers and the apple into matchsticks. Add the dates, apples, cheese and almonds to the kale. Season with pepper, toss well and set aside.
Sprinkle the salmon all over with 1/2 teaspoon salt and some pepper. Heat the remaining 1 tablespoon oil in a large nonstick skillet over medium-low heat. Raise the heat to medium-high. Place the salmon, skin-side up in the pan. Cook until golden brown on one side, about 4 minutes. Turn the fish over with a spatula, and cook until it feels firm to the touch, about 3 minutes more.
Divide the salmon, salad and rolls evenly among four plates."
"Breakfast Casserole","6 serving(s)","535","Heat a large nonstick skillet over medium heat. Add the turkey and scallions and cook, stirring to break up any large chunks, until browned and cooked through, about 10 minutes. Remove from heat and let cool slightly.
Whisk the eggs, egg whites, milk and 1/2 teaspoon each salt and pepper in a large bowl until combined. Add the cooked sausage, spinach, cheeses and bread and toss to distribute ingredients evenly.
Spray a 3-quart casserole dish with cooking spray. Spread the egg mixture evenly in the dish. Cover and refrigerate for at least 6 hours or preferably overnight.
Preheat the oven to 350 degrees F. Bake the casserole, uncovered, until set and lightly browned on top, about 30 minutes."
"Whole30 Bacon and Egg Cups","12 serving(s)","45","Preheat the oven to 400 degrees F. Wrap 1 piece of bacon around the inside of each cup of a 12-cup muffin tin to create rings. Put 1 slice of potato on the bottom of each cup and divide the bell pepper pieces among the cups.
Bake until the fat starts to render from the bacon (it will bubble in the bottom of each cup) and the bacon begins to crisp and turn light brown on the top edges, 10 to 12 minutes.
Remove the tin from the oven and crack an egg into each cup, making sure the yolk is inside the bacon ring. Continue baking until the bacon is crisp, the egg whites are cooked through and the yolks are still runny, about 10 minutes longer. Run an offset spatula around the edges and remove to a platter. Sprinkle with the chives and serve with hot sauce if desired."
"Slow-Cooker Pork Tacos","8 serving(s)","336","Put the ancho and pasilla chiles and the garlic in a bowl; add 2 to 3 tablespoons water. Microwave on high until soft and pliable, 2 to 3 minutes. Stem and seed the chiles; peel the garlic. Transfer the chiles and garlic to a blender.
Add the chipotles, onion, 2 tablespoons olive oil, honey, vinegar, 1 tablespoon salt and the oregano to the blender; puree until smooth. Heat the remaining 1 tablespoon oil in a large skillet over high heat; add the chile sauce and fry, stirring, until thick and fragrant, about 8 minutes. Pour in the broth and reduce until slightly thickened.
Season the pork all over with salt and pepper and transfer to a large slow cooker. Add the bay leaves and cinnamon stick, then pour in the sauce. Cover and cook on high until the meat is tender, about 5 hours. (Or cook the meat in a large Dutch oven, covered, for 1 hour 45 minutes at 350 degrees; uncover and cook 30 more minutes.)
Discard the bay leaves and cinnamon stick. Shred the pork with 2 forks; season with salt and pepper. Serve the shredded pork in the tortillas, along with toppings."
"Angel Food Cake","12 serving(s)","55","Preheat oven to 350 degrees F.
In a food processor spin sugar about 2 minutes until it is superfine. Sift half of the sugar with the salt the cake flour, setting the remaining sugar aside.
In a large bowl, use a balloon whisk to thoroughly combine egg whites, water, orange extract, and cream of tartar. After 2 minutes, switch to a hand mixer. Slowly sift the reserved sugar, beating continuously at medium speed. Once you have achieved medium peaks, sift enough of the flour mixture in to dust the top of the foam. Using a spatula fold in gently. Continue until all of the flour mixture is incorporated.
Carefully spoon mixture into an ungreased tube pan. Bake for 35 minutes before checking for doneness with a wooden skewer. (When inserted halfway between the inner and outer wall, the skewer should come out dry).
Cool upside down on cooling rack for at least an hour before removing from pan."
"Blueberry Compote","1 serving(s)","23","Combine 1 cup of the blueberries, water, sugar and lemon juice in a small saucepan. Cook over a medium heat for about 10 minutes. Add the rest of the blueberries and cook for 8 minutes more, stirring frequently. Serve warm."
"Roasted Cauliflower and Broccoli","8 serving(s)","75","Preheat the oven to 375 degrees F.
Place cauliflower and broccoli into a 9 by 13 inch baking dish, toss with the olive oil, and sprinkle with salt. Cover the dish and bake for 1/2 hour. Remove the cover, stir and cook for 30 to 40 minutes more, until vegetables are tender and nicely browned, stirring occasionally."
"Buffalo Cauliflower with Blue Cheese Sauce","4 serving(s)","80","Preheat the oven to 400 degrees F.
For the cheese sauce: Whisk together the sour cream, blue cheese, milk, mayonnaise, 1/8 teaspoon salt and a few grinds of pepper in a small bowl. Cover and refrigerate until chilled, about 30 minutes
For the Buffalo cauliflower: Meanwhile, microwave the butter in a small microwave-safe bowl on high until melted. Whisk in the hot sauce and lemon juice and set aside.
Mix olive oil, 1/4 teaspoon salt and 1/2 cup water in a large bowl. Add the cauliflower and toss until well coated. Spread the cauliflower on a rimmed baking sheet and roast until beginning to brown and just tender, 20 to 25 minutes. Whisk the hot sauce mixture again, drizzle over the cauliflower and toss with tongs to coat. Roast the cauliflower until the sauce is bubbling and browned around the edges, 5 to 7 minutes more. Serve hot with the cheese sauce."
"Roasted Brussels Sprouts with Grapes","8 serving(s)","45","Put a baking sheet on the middle oven rack and preheat to 450 degrees F. Toss the Brussels sprouts with the olive oil, 1/2 teaspoon salt and a few grinds of pepper in a large bowl. Spread on the hot baking sheet and roast, tossing halfway through, until tender and charred in spots, 20 to 30 minutes.
Meanwhile, melt the butter in a large skillet over medium-high heat. Add the grapes and thyme and cook, tossing, until the grapes start to burst, about 4 minutes. Add the scallions and honey. Increase the heat to high and bring to a boil. Reduce the heat to medium low and simmer until the juices thicken and the grapes are glazed, 1 to 2 minutes. Season with salt and pepper. Transfer the Brussels sprouts to a serving dish; spoon the grapes over the top and sprinkle with the hazelnuts."
"Brussels Sprouts-in-a-Blanket","8 serving(s)","60","Preheat the oven to 425 degrees F. Spread the Brussels sprouts out on a rimmed baking sheet, drizzle with the oil and sprinkle generously with salt and pepper. Bake, stirring the sprouts once halfway through cooking, until golden brown and tender, 18 to 20 minutes. Transfer the baking sheet to a rack and let cool completely. Leave the oven on.
Sprinkle the Parmesan evenly on a work surface and lay the pastry sheet over it. Roll the dough into a 12-inch square, sweeping up any loose cheese onto the dough and pressing it in place. Use an offset spatula or table knife to spread the butter over the pastry so it covers it from edge to edge in a thin, even coating. Lay the prosciutto over the butter so it covers the pastry completely. Cut the pastry square in half to make two 12-by-6-inch rectangles. Cut each rectangle crosswise into eight 1 1/2-inch-wide, 6-inch-long strips. Then cut each strip diagonally lengthwise so you have 32 long, narrow triangles. Place a Brussels sprout at the wide end of each triangle, then roll it up in each strip toward the tip (it will look like a crescent roll with the Brussels sprout peeking out on each end).
Transfer each bundle to a parchment-lined baking sheet and space 1 inch apart. Rake up all the excess Parmesan on the work surface and sprinkle it on top of the rolls. Bake until the pastry is golden brown and the Brussels sprouts are warmed through, 16 to 18 minutes. Transfer to a serving dish."
"Roasted Brussels Sprouts","6 serving(s)","50","Preheat oven to 400 degrees F.
Cut off the brown ends of the Brussels sprouts and pull off any yellow outer leaves. Mix them in a bowl with the olive oil, salt and pepper. Pour them on a sheet pan and roast for 35 to 40 minutes, until crisp on the outside and tender on the inside. Shake the pan from time to time to brown the sprouts evenly. Sprinkle with more kosher salt ( I like these salty like French fries), and serve immediately."
"Roasted Brussels Sprouts and Kale","8 serving(s)","50","Preheat the oven to 400 degrees F.
Slice the Brussels sprouts very thin. Toss with 2 tablespoons of the oil and some salt and pepper on a baking sheet. Roast, shaking the baking sheet a couple of times while cooking, until the sprouts are browned in spots and tender, about 30 minutes. Transfer to a bowl, stir in the grated Parmesan and set aside.
Toss the kale with the remaining 2 tablespoons olive oil and place on a baking sheet. Roast until the leaves are tender, crisp on the edges and lightly browned, about 10 minutes, then stir with the Brussels sprouts. Garnish with the lemon zest, big shavings of Parmesan and toasted pecans before serving."
"Beautiful Brussels Sprouts","16 serving(s)","50","Preheat the oven to 375 degrees F.
Use a knife to lop off the top and bottom of the squash. Slice the skin off the sides, then cut the squash in half lengthwise and remove the seeds. Cut the squash into large pieces, cut the pieces into slices, cut the slices into matchsticks and then cut the matchsticks into dice. Divide the squash between 2 baking sheets.
Trim the Brussels sprouts, then cut them in half if desired (or you can leave them whole). Arrange them on the baking sheets with the squash and add the red onions. Drizzle the vegetables with the olive oil, sprinkle with the chili powder, salt and pepper and toss. Roast until browned, 25 to 30 minutes.
Tip the vegetables into a serving dish, drizzle with the pomegranate molasses and sprinkle on the pomegranate seeds. Toss and serve immediately."
"Air Fryer Brussels Sprouts","2 serving(s)","35","Trim and quarter the Brussels sprouts and toss in a large bowl with the olive oil and 2 teaspoons salt. Set the air fryer to 390 degrees F and preheat a 3.5-quart air fryer for 5 minutes. Transfer the sprouts to the air fryer and cook, tossing halfway through, until well-browned and crispy, about 18 minutes.
Transfer to a serving bowl and toss with the Parmesan and lemon zest."
"Shaved Brussels Sprouts with Pancetta","7 serving(s)","40","Heat 1 tablespoon of olive oil in a large (12-inch) saute pan over medium heat. Add the pancetta and cook for 5 to 7 minutes, until browned and cooked through. With a slotted spoon, transfer the pancetta to a plate lined with paper towels and set aside.
Add 2 tablespoons of olive oil and the butter to the same saute pan and cook over medium-high heat just until the butter melts. Add the shallots and cook for 5 to 7 minutes, until tender and starting to brown.
Meanwhile, place the Brussels sprouts in the feed tube of a food processor fitted with the large slicing disk. (You don't need to core them.) Process the sprouts in batches until they are all sliced, transferring them to a bowl. Add the Brussels sprouts to the pan with the shallots, add 1 1/2 teaspoons salt and 3/4 teaspoon pepper and saute for 5 to 7 minutes, stirring occasionally (I use tongs), until crisp-tender and bright green. Add the pancetta and cook for 1 more minute. Off the heat, stir in the balsamic vinegar, season to taste, and serve hot."
"Balsamic-Roasted Brussels Sprouts","6 serving(s)","0","Preheat the oven to 400 degrees. Place the Brussels sprouts on a sheet pan, including some of the loose leaves, which get crispy when they're roasted. Add the pancetta, olive oil, 1 1/2 teaspoons salt, and 1/2 teaspoon pepper, toss with your hands, and spread out in a single layer. Roast the Brussels sprouts for 20 to 30 minutes, until they're tender and nicely browned and the pancetta is cooked. Toss once during roasting. Remove from the oven, drizzle immediately with the balsamic vinegar, and toss again. Taste for seasonings, and serve hot."
"Charred Brussels Sprout Crostini","24 serving(s)","45","Preheat the broiler to high.
Combine the sugar and Champagne vinegar in a small saucepan. Bring to a simmer over medium heat; cook until the sugar is fully dissolved and the mixture has thickened just slightly, 3 minutes. Remove from the heat and stir in the dried cranberries. Let sit for 10 minutes to plump the cranberries.
Meanwhile, on a rimmed baking sheet, combine the sliced Brussels sprouts, 2 tablespoons of the olive oil, 3/4 teaspoon of the salt, and the pepper flakes. Toss well to coat. Broil for 6 minutes, stirring halfway through and rotating the baking sheet as needed for even browning. Add the sprouts to a medium bowl and toss with the cranberry mixture while hot. Set aside for 5 minutes to let the flavors marry.
In a small bowl, whisk the remaining 2 tablespoons olive oil and 1/4 teaspoon salt into the ricotta. Using a small offset spatula, spread the crostini with the ricotta mixture. Top each crostini with a spoonful of the Brussel sprout mixture and sprinkle with a few pine nuts."
"Slow Cooked Brussels Sprouts","6 serving(s)","50","Heat vegetable oil over high heat in a large skillet. Add Brussels sprouts and brown all over by shaking the pan often. Season with salt, to taste. Remove Brussels sprouts from pan, reduce heat to medium high and add the butter to melt. Add shallots and saute for a minute or 2. Add the sprouts back in, add the chicken stock, cover, reduce heat to medium low, and cook for 30 minutes or until sprouts are soft and tender."
"Bacon-Wrapped Brussels Sprouts with Creamy Lemon Dip","6 serving(s)","55","Preheat the oven to 400 degrees F. Line a rimmed baking sheet with parchment paper.
Trim the stem ends from the Brussels sprouts, and halve lengthwise. Put them in a medium bowl, and toss with 1 teaspoon salt.
Lay the bacon strips next to each other on a work surface. Brush liberally with about 1/2 the maple syrup, then halve crosswise. Wrap each Brussels sprout half with 1 strip of bacon, syrup-side out, so the seam is on the flat side. Place the sprouts seam-side down on the parchment-lined rimmed baking sheet, leaving a bit of space between them. Brush them with a bit more syrup, and grind a little black pepper on top. Roast, rotating the baking sheet halfway through, until the bacon is crisp and the sprouts are tender when pierced with the tip of a knife, about 30 minutes.
Meanwhile, mix the mayonnaise, most of the lemon zest and all the lemon juice in a small serving dish. Sprinkle the remaining lemon zest on top. Put about 1/2 cup maple syrup in a second small serving dish, and stir in as much black pepper and crushed red pepper flakes as you like.
Transfer the sprouts to a platter, and serve with the lemon mayonnaise and peppered maple syrup, for dipping."
"Grilled Brussels Sprouts","6 serving(s)","65","Prepare a grill for medium-high indirect heat: For gas grills (with 3 or more burners), turn all the burners to medium-high heat; after about 15 minutes, turn off one of the middle burners and keep the remaining burners at medium high. For charcoal grills, bank one chimney starter-full of lit and ashed-over charcoal briquettes to one side of the grill. Set up a drip pan on the other side to avoid flare-ups. (Be sure to consult the grill manufacturer's guide for best results.)
Toss the Brussels sprouts with the butter, oil, 2 teaspoons salt and several grinds of black pepper in a medium bowl. Layer the bacon in a 24-by-12-inch grill basket in a single layer and top with the Brussels sprouts. Close the grill basket and place it on the grill over indirect heat Brussels sprouts-side down. Cover the grill and cook until the Brussels sprouts are tender and dark golden, 15 to 20 minutes. Open the grill, flip the basket so the bacon is down and move the basket to direct heat. Cook until the bacon is crisp, 2 to 3 minutes. If you want your Brussels sprouts darker, flip again and cook for another 1 to 2 minutes.
Carefully remove the Brussels sprouts to a serving platter, crumble the bacon over the top and sprinkle with the lemon zest. Sprinkle with the red pepper flakes and Parmesan, if using."
"Basic Brussels Sprouts","4 serving(s)","10","Cut off the stem end of the Brussels sprouts and remove any yellowing outer leaves. Cut each Brussels sprout in half from top to bottom. Place the Brussels sprouts, water and salt into a 3 to 4-quart saucier and cover. Place over high heat and cook for 5 minutes or until tender. Remove and serve immediately."
"Sauteed Shredded Brussels Sprouts","6 serving(s)","15","Place the Brussels sprouts in the feed tube of the food processor fitted with a large slicing disc. (There is no need to core them.) Process the Brussels sprouts until they're all sliced.
Place the butter and olive oil in a large (12-inch) saute pan and heat it over medium heat. Add the sliced Brussels sprouts, 1 1/2 teaspoons salt, and 1/2 teaspoon pepper and saute them, stirring frequently, for about 4 to 5 minutes, until tender but still bright green. Stir in the balsamic vinegar, season to taste, and serve hot."
"Winter Produce Guide","","0",""
"Instant Pot Butternut Squash Soup","6 serving(s)","80","For the soup: Set a 6-quart Instant Pot� to medium saute setting (See Cook's Note) and line a plate with a paper towel. Add the pancetta to the pot and cook, stirring occasionally, until crisp and the fat is rendered, about 8 minutes. Remove the pancetta with a slotted spoon to the lined plate. Drain all but 2 tablespoons of the drippings from the pot and reserve.
Add the sage, carrots, celery, onion, cumin, 2 teaspoons salt and 1/4 teaspoon black pepper to the pot and cook, stirring occasionally, until the vegetables have softened, about 5 minutes. Add the squash and chicken stock. Follow the manufacturer's guide for locking the lid and preparing to cook. Set to pressure cook on high for 25 minutes. After the pressure cook cycle is complete, follow the manufacturer's guide for quick release and wait until the quick release cycle is complete. Be careful of any remaining steam and unlock and remove the lid. Use an immersion blender to puree the soup until smooth. Use the cream or water to thin the soup to the desired consistency. Season with additional salt and pepper.
For the toppings: Meanwhile, heat 1 tablespoon of the reserved pancetta fat in a medium skillet over medium-high heat. Add the mushrooms, cumin and a generous pinch of salt. Cook, stirring occasionally, until the mushrooms have released all their liquid and turned brown and slightly crisp, 10 to 20 minutes. Remove the mushrooms and set aside to for the topping.
Ladle the soup into bowls and serve topped with the crisp pancetta, mushrooms, creme fraiche and chives."
"Instant Pot Barbecue Pulled Pork Sandwiches","8 serving(s)","120","Combine paprika, mustard powder, cumin, 1 tablespoon brown sugar, 2 teaspoons salt and 1/2 teaspoon pepper in a small bowl. Rub the spice mixture all over the pork.
Turn the Instant Pot� (see Cook's Note) to the high saute setting. Add the oil and once hot, add the pork and cook in two batches, turning, until browned on all sides, about 5 minutes. Switch the Instant Pot� to the warm setting, remove the pork and transfer to a plate.
Whisk 3/4 cup water into the drippings in the Instant Pot�. Add the vinegar, tomato paste, the remaining 2 tablespoons brown sugar and 2 cups water and whisk to combine. Add the pork back. Follow the manufacturer's guide for locking the lid and preparing to cook. Set to pressure cook on high for 1 hour.
After the pressure cook cycle is complete, follow the manufacturer's guide for quick release and wait until the quick release cycle is complete. Careful of any remaining steam, unlock and remove the lid and transfer the pork to a large bowl.
Switch the Instant Pot� to the normal saute setting and simmer the juices until reduced by half, about 15 minutes. While the juices are reducing use a ladle to remove any fat that rises to the top. Season to taste with salt.
Meanwhile, use 2 forks to shred the pork in to small chunks.
Add 3 cups of the reduced cooking liquid to the chunked pork and season with salt and vinegar to taste. Serve in hamburger buns with barbecue sauce and coleslaw."
"5-Ingredient Instant Pot Mac and Cheese","6 serving(s)","30","Combine the macaroni, 4 cups water and 1 tablespoon salt in an Instant Pot� (see Cook's Note). Follow the manufacturer's guide for locking the lid and preparing to cook. Set to pressure cook on high for 4 minutes.
After the pressure cook cycle is complete follow the manufacturer's guide for quick release and wait until the quick release cycle is complete. Careful of any remaining steam, unlock and remove the lid and switch to low saute setting.
Stir in the evaporated milk, butter and 1/4 cup water. Then add the Cheddar, a little at time, while constantly stirring, until the cheese is completely melted. Serve hot."
"Instant Pot Greek Chicken Bowls","4 serving(s)","50","Whisk together the oregano, paprika, red pepper flakes, 1/4 cup olive oil, 2 cloves garlic and 1/2 cup water in the pot of a 6-quart Instant Pot�. Add the chicken, 2 teaspoons salt and a few grinds of pepper and toss until well coated.
Follow the manufacturer's guide for locking the lid and preparing to cook. Set the pot to pressure cook on high for 3 minutes (see Cook's Note). After the pressure cook cycle is complete, follow the manufacturer's guide for quick release and wait until the quick release cycle is complete. Be careful of any remaining steam and unlock and remove the lid. Transfer the chicken to a medium bowl and turn the pot off. Add the couscous, 1/2 teaspoon salt and a few grinds of pepper to the pot and stir to combine with the hot liquid. Place the glass lid on the top and let the couscous sit until tender and fluffy, 6 to 7 minutes. Fluff with a fork.
Meanwhile, mix together the yogurt, lemon juice, remaining clove garlic and 2 tablespoons water in a medium bowl until well combined. Spread 1/4 cup of the yogurt sauce on the bottom of a plate. Top with a quarter of the couscous, cucumbers, tomatoes, Kalamata olives and feta. Repeat with the remaining ingredients 3 more times. Garnish each plate with the dill and a drizzle of the remaining 2 tablespoons olive oil."
"Instant Pot Carnitas","4 serving(s)","100","Put the pork shoulder, pork belly, lager, chili powder, cumin, coriander, 1 heaping tablespoon salt and 1 teaspoon black pepper in a 6-quart Instant Pot� and follow the manufacturer's guide for locking the lid and preparing to cook. Set to pressure cook on high for 60 minutes (see Cook's Note). After the pressure cook cycle is complete, follow the manufacturer's guide for quick release and wait until the quick release cycle is complete. Be careful of any remaining steam and unlock and remove the lid. Using a slotted spoon, transfer the meat to a small bowl, cover and set aside. Set the pot to saute on high and reduce the liquid until almost completely evaporated, 10 to 15 minutes. Set the pot to off and transfer the reduced sauce to the meat, then toss to coat and serve.
For crispy carnitas (optional): Transfer the reduced sauce and cooked carnitas to a large nonstick skillet over high heat and cook, undisturbed, for 5 minutes. Toss and continue to cook for about 5 minutes more to crisp other side. Transfer to a paper towel lined platter, making sure to scrape up any browned bits from the skillet, and serve.
Serve the carnitas with the tortillas, pico de gallo, lime wedges, guacamole, onion, cilantro and cabbage."
"Instant Pot Chicken Adobo","4 serving(s)","80","Season the chicken legs generously with salt and pepper. Turn the Instant Pot� (see Cook's Note) to the high saute setting. Add the oil and once it's shimmering, but not smoking, add half the chicken pieces and brown on both sides, about 7 minutes. Remove with tongs to a plate and brown the remaining chicken pieces. Return all the chicken to the multi-cooker and add the soy sauce, sugar, vinegar, garlic, bay leaves, onion and 1/2 teaspoon pepper.
Follow the manufacturer's guide for locking the lid and preparing to cook. Set to pressure cook, on high, for 8 minutes. After the pressure cook cycle is complete follow the manufacturer's guide for quick release and wait until the quick release cycle is complete. Careful of any remaining steam, unlock and remove the lid and turn the Instant Pot� back to the high saute setting. Let the sauce come to a boil and reduce it until dark brown and very fragrant, about 20 minutes. Remove the bay leaves.
Transfer the chicken and sauce to a serving platter, sprinkle with scallions and serve with rice."
"Instant Pot Indian Shrimp Biriyani","6 serving(s)","30","Mix the yogurt with the mint and cilantro in a small bowl until well combined. Cover and refrigerate until ready to use.
Toss the shrimp with 1/4 teaspoon of the curry powder, 1 teaspoon salt and a few grinds of black pepper. Turn a 6-quart Instant Pot� to the saute setting (see Cook's Note) and add 4 tablespoons of the butter. When melted, add half of the shrimp and cook, tossing once or twice, until the shrimp are just turning orange and starting to brown but are not completely cooked, 3 to 4 minutes; transfer to a plate. Repeat with the remaining shrimp. Set aside.
Melt the remaining 2 tablespoons butter. Add the onions and cook, stirring occasionally, until softened, 5 to 6 minutes. Add the ginger, turmeric, paprika, garlic and remaining 1 teaspoon curry powder and cook until the garlic and ginger are softened and the spices are fragrant, 1 to 2 minutes. Add the rice, 1 1/2 cups water, 2 teaspoons salt and a few grinds of black pepper and stir to combine.
Follow the manufacturer's guide for locking the lid and preparing to cook. Set to pressure cook on high for 3 minutes.
After the pressure-cook cycle is complete, follow the manufacturer's guide for quick release and wait until the quick-release cycle is complete. Being care of any remaining steam, unlock and remove the lid. Add the shrimp to the pot and stir to combine with the rice. Turn the pot to the normal saute setting and put on the lid. Let the shrimp cook until completely opaque throughout, 1 to 2 minutes. Serve in bowls with a dollop of herbed yogurt."
"Instant Pot Chicken Noodle Soup","6 serving(s)","45","Turn a 6-quart Instant Pot� to the high saut� setting. Add the oil and once hot add the carrots, celery, garlic, onion, 1 tablespoon salt and a large pinch of pepper. Cook, stirring, until the vegetables are slightly softened, 4 to 5 minutes.
Add the chicken, ginger, if using, and 8 cups water. Follow the manufacturer's guide for locking the lid and preparing to cook. Set to pressure cook on high for 20 minutes.
After the pressure cook cycle is complete, follow the manufacturer's guide for quick release and wait until the quick release cycle is complete. Be careful of any remaining steam, unlock and remove the lid. Remove the ginger and discard. Use a pair of tongs to remove the chicken from the pot and put into a large bowl and allow to cool for several minutes.
Switch the Instant Pot� to the high saut� setting and bring the soup to a boil. Once at a boil, add the noodles and cook until al dente, 4 to 5 minutes.
While the noodles are cooking, use 2 forks to remove the skin and bones from the chicken and shred the meat into bite-size pieces. Season the chicken generously with salt and pepper then add the meat back to the pot along with the dill. Season the soup with additional salt and pepper if needed."
"Instant Pot Chicken Cacciatore","4 serving(s)","105","Turn a 6-quart Instant Pot� to the saute setting on high (see Cook's Note) and wait for it to say Hot, about 4 minutes. Meanwhile, sprinkle the chicken with 1 teaspoon salt and a few grinds of black pepper. Add the oil and 4 pieces of chicken, skin side-down, to the pot, and sear until the skin is golden brown, 3 to 4 minutes. Flip and continue to sear until the bottom of the chicken is opaque, 2 to 3 minutes. Remove the chicken to a plate and repeat with the remaining chicken.
Line a plate with a paper towel. Add the bacon to the pot and cook, stirring occasionally, until just golden brown, 5 to 6 minutes. Remove the bacon with a slotted spoon to the lined plate. Remove all but 2 tablespoons of the bacon drippings and add the onion. Cook, stirring occasionally and scraping up any brown bits on the bottom of the pot, until the onions are just softened, 2 to 3 minutes. Add the carrots and garlic and cook, stirring occasionally, until the carrots just begin to soften, 2 to 3 minutes. (Note: The saute setting on most pots only runs for 30 minutes. If your pot turns off, simply turn it back on the saute setting on high.)
Add the tomato paste and thyme and cook, stirring constantly, until the paste has softened, 1 to 2 minutes. Pour in the red wine and cook, stirring occasionally, until it has reduced by half, 5 to 6 minutes. Add 1/2 cup water, the reserved bacon, 1 teaspoon salt and a few grinds of black pepper and stir to combine. Turn off the saute setting and add the chicken.
Follow the manufacturer's guide for locking the lid and preparing to cook. Set to pressure cook on high for 20 minutes. After the pressure cook cycle is complete, follow the manufacturer's guide for quick release and wait until the quick release cycle is complete. Be careful of any remaining steam and unlock and remove the lid.
Remove the chicken to a platter. Turn the pot back to the saute setting on high and reduce the sauce until thickened and about 2 cups remain, 15 to 20 minutes. Pour the sauce over the chicken and sprinkle with the parsley. Serve with polenta."
"Instant Pot Pasta Marinara","6 serving(s)","35","Turn an Instant Pot� multi-cooker to the high saute setting. Add the oil; once it's shimmering, add the garlic and red pepper flakes and cook until fragrant, about 1 minute. Stir in the tomatoes, 2 cups water and 2 teaspoons salt.
Follow the manufacturer's guide for locking the lid and preparing to cook. Set to pressure cook on high for 5 minutes. After pressure-cook cycle is complete, follow the manufacturer's guide for quick release and wait until the quick-release cycle is complete. Being careful of any remaining steam, unlock and remove the lid, then crush the tomatoes with a wooden spoon. Stir in the penne.
Set to pressure cook once more for 5 minutes. After the cycle is complete, repeat the process for quick release. Remove the lid, then stir in the butter and Parmesan."
"Instant Pot Butter Chicken","6 serving(s)","105","Set a 6-quart Instant Pot� to high saute and melt 4 tablespoons of the butter (see Cook's Note). Add the ginger, fenugreek leaves, fenugreek seeds, garam masala, garlic, cardamom, onion, serrano, cinnamon stick and 1 tablespoon salt and cook, stirring occasionally, until the onions are tender and beginning to brown, 8 to 10 minutes. Stir in the tomato paste and cook, stirring frequently and scraping the bottom of the pot so that it doesn't burn, until it turns a brick red. Deglaze with 3 cups water and stir to combine. Add the tomatoes and layer the chicken on top.
Follow the manufacturer's guide for locking the lid and preparing to cook. Set to pressure cook on high for 10 minutes.
After the pressure-cook cycle is complete, follow the manufacturer's guide for quick release and wait until the quick-release cycle is complete. Being careful of any remaining steam, unlock and remove the lid.
Remove the cinnamon stick and discard. Transfer the chicken to a plate, cover loosely with foil and set aside until ready to serve.
Set the pot to high saute and continue to cook the sauce, stirring occasionally, until reduced by half, 25 to 30 minutes. Turn off the pot and puree the sauce with an immersion blender. (Or transfer to a blender, let cool a few minutes and puree until completely smooth.) Add the cream and remaining 4 tablespoons butter and continue to blend until the butter is melted and the mixture is smooth and creamy and no streaks of cream remain.
Cut the chicken into 1-inch pieces and stir into the sauce. Let sit until heated through, about 5 minutes. Serve the chicken and sauce topped with cilantro over steamed basmati rice and naan alongside."
"Instant Pot Creamy Ranch Chicken Pasta","4 serving(s)","40","Pat the chicken thighs dry with a paper towel and sprinkle all over with 1 tablespoon of the seasoning mix.
Add the penne to the 6-quart Instant Pot� and add 4 cups water to the pot. Place the chicken thighs on top of the penne. Follow the manufacturer's guide for locking the lid and preparing to cook. Set to pressure cook on high for 8 minutes (see Cook's Note). After the pressure-cook cycle is complete, follow the manufacturer's guide for quick- release and wait until the quick-release cycle is complete. Being careful of any remaining steam, unlock and remove the lid. Transfer the chicken to a cutting board until cool enough to handle.
Meanwhile, combine the cream cheese, sour cream, Cheddar and remaining seasoning mix (about 2 tablespoons) in a large bowl. Set aside.
Roughly chop the chicken into small pieces while it is still warm. Add the chicken to the cream-cheese mixture and stir to combine. Add the chicken and cheese mixture to the pasta and stir until the cheese mixture melts and the pasta is well coated."
"Instant Pot Mini Frittatas","7 serving(s)","75","Add the bacon to the Instant Pot� and turn the pot on the high saute setting (See Cook's Note). Cook the bacon, stirring occasionally, until golden brown and crisp, 10 to 12 minutes. Remove from the pot and set aside on a paper towel.
Add the mushrooms to the pot along with the thyme leaves and a pinch of salt. Cook, stirring occasionally, until the mushrooms have reduced to half their size and are golden brown, 6 to 8 minutes. Remove the mushrooms from the pot and divide the mushrooms among the cups of a silicone egg bites mold. Divide the spinach among the cups, along with the bacon and cheese.
Gently whisk the eggs together with the cream, nutmeg and 1/2 teaspoon salt and a few grinds of pepper in a medium bowl until well combined (gently to avoid creating foam). Pour the custard over the fillings in each of the cups.
Wipe out excess bacon grease in the bottom of the pot. Add 1 cup water to the bottom of the pot. Place the egg cups on the rack and cover tightly with the silicone lid or foil. Lower into the pot using the rack handles and follow the manufacturer's guide for locking the lid and preparing to cook. Set to pressure cook on low for 6 minutes.
After the pressure cycle is complete, let the pressure release naturally for 10 minutes, then follow the manufacturer's guide for quick release of the remaining pressure. Be careful of any remaining steam and unlock and remove the lid. Carefully remove the tray and let stand 5 minutes before popping the mini frittatas out of the pan. The frittatas can be eaten right away or stored in the trays in the refrigerator or freezer; reheat in the microwave for 30 seconds to 1 minute."
"Instant Pot Beef Stew","6 serving(s)","85","Add the oil to the Instant Pot� and set to saute (see Cook's Note).
Meanwhile, toss the beef with the flour, 2 teaspoons salt, and a generous amount of pepper in a medium bowl. Add the meat and all the flour to the Instant Pot� in a single layer and cook, undisturbed, until golden brown on the bottom, about 3 minutes. Stir once and allow to brown for another 2 to 3 minutes. Add the tomato paste and stir to coat. Add the wine and bring to a boil. Cook for 1 minute, scraping up browned bits from the bottom of the pot with a wooden spoon.
Add the carrots, celery, thyme and onions and stir to coat. Follow the manufacturer's guide for locking the lid and set to pressure cook on high for 40 minutes. After the pressure cycle is complete follow the manufacturer's guide for quick release and wait until the quick release cycle is complete. Careful of any remaining steam, unlock and remove the lid."
"Instant Pot Saag Paneer","4 serving(s)","35","Place the rack inside a 6-quart Instant Pot� and add 2 cups of water. Firmly pack the spinach inside the pot; it will be completely full and very tightly packed.
Follow the manufacturer's guide for locking the lid and preparing to cook. Set to pressure cook on high for 1 minute (see Cook's Note).
After the pressure-cook cycle is complete, follow the manufacturer's guide for quick release and wait until the quick-release cycle is complete. Being careful of any remaining steam, unlock and remove the lid.
Drain the spinach in a sieve and discard the cooking liquid. Transfer the spinach to a food processor and pulse until very finely chopped. Set aside and keep warm.
Wipe the pot clean and return to the base. Set to high saute, add the butter and heat, stirring, until completely melted. Add the paneer and cook, turning the cubes occasionally, until browned on a couple of sides, 6 to 8 minutes. Transfer to a paper towel-lined plate and set aside.
Add the ginger, garlic, onion, serrano, 2 1/2 teaspoons salt and 1/4 teaspoon pepper to the pot and cook, scraping up any browned bits, until the onions are tender, 6 to 8 minutes. Stir in the garam masala and cook until very fragrant, 1 to 2 minutes. Add the paneer and spinach with any accumulated juices and cook until heated through and the cheese is slightly softened, about 5 minutes. Turn off the heat and stir in the yogurt and lemon zest and juice; season with additional salt and pepper if needed. Serve over basmati rice or warmed naan."
"Instant Pot Black Bean Soup","8 serving(s)","100","Set the Instant Pot� (see Cook's Note) to normal saute. Add the oil and once shimmering, but not smoking, add the onion and cook, stirring, until translucent and soft, about 5 minutes.
Add the garlic, chili powder, cumin and oregano and cook, stirring, until fragrant, about 1 minute. Add the beans, bay leaves and 7 cups water. Follow the manufacturer's guide for locking the lid and preparing to cook. Set to pressure cook on high for 1 hour.
After the pressure cook cycle is complete, follow the manufacturer's guide for quick release and wait until the quick release cycle is complete. Careful of any remaining steam, unlock and remove the lid and remove the bay leaves. Then remove 1 cup of the beans with a slotted spoon and set aside. Use an immersion blender to blend the black beans with 1 tablespoon salt until thick and creamy. Stir in the reserved whole beans and season to taste with salt and pepper. Serve with sliced avocado, cilantro leaves, chopped scallions, lime wedges and sour cream."
"Instant Pot Lemon Frozen Chicken with Orzo","4 serving(s)","35","Set a 6-quart Instant Pot� to high saute and add the butter (see Cook's Note). Once it has melted, add the mushrooms and cook until golden and the water has evaporated, about 6 minutes. Stir in the shallots and thyme and continue to cook until the shallots have softened, about 2 minutes. Stir in the orzo, chicken broth, lemon zest and juice. Put the chicken breasts on top of the orzo and sprinkle generously with salt and pepper.
Follow the manufacturer's guide for locking the lid and preparing to cook. Set to pressure cook on high for 10 minutes.
After the pressure-cook cycle is complete, follow the manufacturer's guide for natural release. After 10 minutes, being careful of any remaining steam, unlock and remove the lid.
Transfer the chicken to a cutting board with tongs and slice crosswise. Stir the spinach, cream and Parmesan into the orzo. Season with salt and pepper and serve alongside the chicken."
"Instant Pot Tacos","6 serving(s)","50","Put 1 cup of water and the beef into a 6-quart Instant Pot�. Follow the manufacturer's guide for locking the lid and preparing to cook. Set to pressure cook on manual high pressure for 10 minutes (see Cook's Note).
After the pressure cook cycle is complete, follow the manufacturer's guide for quick release and wait until the quick release cycle is complete. Be careful of any remaining steam and unlock and remove the lid.
Turn the pot to the saute function and stir in the onion, garlic, chili powder, cumin, cornstarch, 1 tablespoon salt and 2 teaspoons pepper until combined and the meat is broken up. Let simmer until thickened and the onions are softened, about 8 minutes.
Serve with the taco shells and toppings."
"Instant Pot Spaghetti Squash with Marinara","6 serving(s)","55","Add 1 cup water to a 6-quart Instant Pot�, then put the rack in the bottom with the handles going up the sides. Deeply pierce the squash all over 12 to 16 times with a fork, then place on the rack (if needed, trim the stem so the squash fits comfortably in the pot, but be careful not to cut into the squash itself).
Follow the manufacturer's guide for locking the lid and preparing to cook. Set to pressure cook on high for 12 minutes (see Cook's Note).
Meanwhile, add the canned tomatoes to a medium bowl and use your hands to lightly crush the tomatoes. Set aside.
After the pressure-cook cycle is complete, follow the manufacturer's guide for quick release and wait until the quick-release cycle is complete. Being careful of any remaining steam, unlock and remove the lid. Use 2 kitchen towels to remove the rack and squash to a cutting board. Carefully pour the water out of the pot. Allow the squash to cool slightly while you prepare the marinara sauce.
Set the pot to high saute and allow it to heat up for 2 minutes. Add 2 tablespoons of the oil, then add the onions and a large pinch of salt. Cook, stirring occasionally, until the onions are softened and starting to brown lightly, 6 to 8 minutes. Add the garlic and a pinch of red pepper flakes and cook, stirring frequently, until the garlic is softened, 2 to 3 minutes. Stir in the reserved tomatoes and a large pinch of salt and bring to a strong simmer; cook, stirring occasionally, until the sauce is reduced slightly and thickened, about 10 minutes. Season with additional salt and red pepper flakes if needed.
While the sauce is reducing, remove the squash from the rack and split it in half lengthwise. Use a spoon to remove the seeds, then use a fork to scrape the strands of squash from the inside of the skin.
Transfer the squash to a large platter and stir in the remaining 2 tablespoons oil, 1 teaspoon salt and red pepper flakes to taste. Season with more salt if needed, then top with the hot marinara sauce. Sprinkle with the Parmesan and basil."
"Instant Pot Pozole Rojo","8 serving(s)","200","Preheat the oven to 350 degrees F.
Toast all the chiles on a rimmed baking sheet until beginning to brown (do not char) and starting to lightly curl in places, about 5 minutes. Set aside until ready to use.
Meanwhile, set a 6-quart Instant Pot� to high saute (see Cook's Note). When hot, after 1 to 2 minutes, add the oil and pork and let the pork sit undisturbed until browned, about 6 minutes. Turn the pork and brown the other side, 6 minutes more. Transfer to a plate until ready to use.
Add the oregano, peppercorns, garlic, cloves, sliced onions and 2 tablespoons salt and cook, stirring occasionally, until the onions are tender and beginning to brown, 6 to 8 minutes. Add 6 cups water and the toasted chiles and bring to a simmer. Turn the pot off, cover and let sit until the chiles have softened, 10 to 12 minutes.
Blend the chile mixture in a blender until completely smooth. Transfer back to the pot and stir in 6 cups water until combined. Add the reserved pork, pozole, cilantro, mint and bay leaf.
Follow the manufacturer's guide for locking the lid and preparing to cook. Set to pressure cook on high for 1 hour 20 minutes.
After the pressure-cook cycle is complete, follow the manufacturer's guide for natural release. After 20 minutes, being careful of any remaining steam, unlock and remove the lid.
Remove and discard the cilantro, mint and bay leaf. Carefully transfer the pork to a rimmed baking sheet. Using two forks, shred the meat into bite-sized pieces. Return to the pot along with any accumulated juices and stir to combine.
Serve with thinly sliced cabbage, thinly sliced radishes, dried oregano, cilantro leaves, fried tortilla strips, crumbled queso fresco, chopped white onion, crema and lime wedges."
"Instant Pot Korean Style Short Ribs","4 serving(s)","95","Whisk together the soy sauce, gochujang, ginger, brown sugar, pear, garlic, 2 tablespoons sesame oil and 1/4 cup water in a 6-quart Instant Pot�. Place the short ribs on top and follow the manufacturer's guide for locking the lid and preparing to cook. Set to pressure cook on high for 25 minutes (see Cook's Note). After the pressure cook cycle is complete, follow the manufacturer's guide for quick release and wait until the quick release cycle is complete. Be careful of any remaining steam and unlock and remove the lid. Using a slotted spoon, transfer the meat to a large bowl, then cover and set aside.
Set the pot to saute on high for 30 minutes and let reduce until the liquid is thick and glazy, about 15 minutes (about 1/2 cup of sauce will remain). Set the pot to off and transfer the reduced sauce to the meat, then toss to coat.
Meanwhile, toss the scallions, cucumber, rice vinegar, gochugaru, sesame seeds, granulated sugar, 1/4 teaspoon salt and remaining tablespoon sesame oil in a medium bowl and cover and chill until ready to serve.
For charred short ribs (optional): Position an oven rack as high as it can go in the oven and preheat the broiler to high. Transfer the glazed ribs to a rack set inside a rimmed baking sheet and broil until lightly charred on both sides, about 1 minute per side.
Serve the ribs over steamed rice topped with the pickled cucumbers, additional scallions and sesame seeds."
"Instant Pot Chicken and Dumplings","4 serving(s)","40","Melt 2 tablespoons butter in a small skillet on the stovetop or in the microwave.
Mix together the baking powder, 1 3/4 cups flour and a pinch of salt in a medium bowl. Stir in the milk and melted butter until well combined. Set the dough aside.
Set a 6-quart Instant Pot� to saute (see Cook's Note). Add the remaining 2 tablespoons butter and melt, stirring constantly so it doesn't burn, about 1 minute. Add the onion, celery, carrots and a pinch of salt and cook, stirring occasionally, until translucent and softened, 3 to 4 minutes. Add the garlic and cook until softened, 2 to 3 minutes. Stir in the thyme and remaining 2 tablespoons flour until well combined, about 1 minute. Pour in the chicken stock and wine and stir. Add the chicken, peas, 1 1/2 teaspoons salt and a few grinds of black pepper and turn the pot off.
Carefully drop the dough in 2-tablespoon-sized mounds into the pot, spacing evenly (you should have about 9 dumplings). Follow the manufacturer's guide for locking the lid and preparing to cook. Set the pot to pressure cook on high for 3 minutes. After the pressure cook cycle is complete, follow the manufacturer's guide for quick release and wait until the quick release cycle is complete. Be careful of any remaining steam and unlock and remove the lid. Spoon the dumplings and soup into bowls and sprinkle with the parsley."
"Instant Pot Pot Roast","8 serving(s)","120","Sprinkle the chuck roast generously all over with salt and pepper. Turn a 6-quart Instant Pot� to the high saute setting. Add the oil and once hot, add the beef and cook until deeply browned on both sides, about 5 minutes per side. Remove the beef from the pot, add the tomato paste and garlic and stir to combine. Add the flour and stir to make a paste. Whisk in the red wine until well combined and bring to a boil. Cook until slightly thickened, about 3 minutes.
Add the broth, potatoes, carrots, celery, rosemary, thyme, 1 tablespoon salt and a large pinch of pepper. Nestle the beef on top and place the onions on top or around the beef, wherever they fit best. Follow the manufacturer's guide for locking the lid and preparing to cook. Set to pressure cook on high for 1 hour 15 minutes.
After the pressure cook cycle is complete, follow the manufacturer's guide for quick release and wait until the quick release cycle is complete. Be careful of any remaining steam and unlock and remove the lid. Allow the beef to sit in the sauce, uncovered, for 10 minutes.
Remove the herbs from the sauce and transfer the meat to a cutting board. Slice against the grain and put on to a large rimmed serving platter. Top with the sauce and vegetables."
"Instant Pot Sunday Sauce","8 serving(s)","145","For the sauce: Add the oil to a 6-quart Instant Pot� and set to saute (see Cook's Note). Add the short ribs and brown well. Transfer to a plate, then add the pork ribs and brown well. Transfer to a plate. Add the onions and garlic and cook, stirring often, until the onions are golden and the garlic is soft, about 5 minutes. Add the tomato paste and stir well to coat all the onions. Pour in the wine and scrape up any browned bits on the bottom of the pot. Bring to a boil and let cook until reduced by half, about 2 minutes.
Stir in the tomatoes, then add the beef, pork, sausages, 1 tablespoon salt, several grinds of black pepper and a pinch of pepper flakes, if using.
Follow the manufacturer's guide for locking the lid and preparing to cook. Set to pressure cook on manual high setting for 50 minutes.
For the meatballs: Meanwhile, combine the sirloin, Parmesan, breadcrumbs, milk, parsley, garlic, egg, some salt and a few grinds of pepper in a medium bowl and mix well with a wooden spoon. Form into 1- to 2-inch balls.
After the pressure cook cycle is complete, follow the manufacturer's guide for quick release and wait until the quick release cycle is complete. Be careful of any remaining steam and unlock and remove the lid.
Carefully remove the beef, pork and sausage. Skim any excess fat from the sauce and discard. When cool enough to handle, remove and discard any bones and excess fat from the meat. Chop the meat and sausage in to bite-sized pieces. Return the meat to the sauce and add the meatballs to the pot. Seal the pot and cook at manual high pressure for 5 minutes.
After the pressure cook cycle is complete, follow the manufacturer's guide for quick release and wait until the quick release cycle is complete. Be careful of any remaining steam and unlock and remove the lid. Season with salt and pepper. Serve over pasta or polenta."